4	100	8	4.792947292327881	(Cat,(Dog,(Pig,(Dolphin,(Cow,(Alpaca,(Horse,(Megabat,(Microbat,(Shrew,(Hedgehog,(Bushbaby,(Tarsier,(Marmoset,(Macaque,(Orangutan,(Gorilla,(Human,(Chimp,(Mouse,(Rat,(Squirrel,(Rabbit,(Pika,(Sloth,(Armadillo,(Tenrec,(Hyrax,(Elephant,(Platypus,Wallaby))))))))))))))))))))))))))))));
4	250	8	4.416903734207153	(Cat,(Dog,(Pig,(Dolphin,(Cow,(Alpaca,(Horse,(Megabat,(Microbat,(Shrew,(Hedgehog,(Bushbaby,(Tarsier,(Marmoset,(Macaque,(Orangutan,(Gorilla,(Human,(Chimp,(Mouse,(Rat,(Squirrel,(Rabbit,(Pika,(Sloth,(Armadillo,(Tenrec,(Hyrax,(Elephant,(Platypus,Wallaby))))))))))))))))))))))))))))));
4	500	8	4.364734888076782	(Cat,(Dog,(Pig,(Dolphin,(Cow,(Alpaca,(Horse,(Megabat,(Microbat,(Shrew,(Hedgehog,(Bushbaby,(Tarsier,(Marmoset,(Macaque,(Orangutan,(Gorilla,(Human,(Chimp,(Mouse,(Rat,(Squirrel,(Rabbit,(Pika,(Sloth,(Armadillo,(Tenrec,(Hyrax,(Elephant,(Platypus,Wallaby))))))))))))))))))))))))))))));
4	750	8	4.338515043258667	(Cat,(Dog,(Pig,(Dolphin,(Cow,(Alpaca,(Horse,(Megabat,(Microbat,(Shrew,(Hedgehog,(Bushbaby,(Tarsier,(Marmoset,(Macaque,(Orangutan,(Gorilla,(Human,(Chimp,(Mouse,(Rat,(Squirrel,(Rabbit,(Pika,(Sloth,(Armadillo,(Tenrec,(Hyrax,(Elephant,(Platypus,Wallaby))))))))))))))))))))))))))))));
4	1000	8	4.381026268005371	(Cat,(Dog,(Pig,(Dolphin,(Cow,(Alpaca,(Horse,(Megabat,(Microbat,(Shrew,(Hedgehog,(Bushbaby,(Tarsier,(Marmoset,(Macaque,(Orangutan,(Gorilla,(Human,(Chimp,(Mouse,(Rat,(Squirrel,(Rabbit,(Pika,(Sloth,(Armadillo,(Tenrec,(Hyrax,(Elephant,(Platypus,Wallaby))))))))))))))))))))))))))))));
4	2500	8	4.372514486312866	(Cat,(Dog,(Pig,(Dolphin,(Cow,(Alpaca,(Horse,(Megabat,(Microbat,(Shrew,(Hedgehog,(Bushbaby,(Tarsier,(Marmoset,(Macaque,(Orangutan,(Gorilla,(Human,(Chimp,(Mouse,(Rat,(Squirrel,(Rabbit,(Pika,(Sloth,(Armadillo,(Tenrec,(Hyrax,(Elephant,(Platypus,Wallaby))))))))))))))))))))))))))))));
4	5000	8	4.560466527938843	(Cat,(Dog,(Pig,(Dolphin,(Cow,(Alpaca,(Horse,(Megabat,(Microbat,(Shrew,(Hedgehog,(Bushbaby,(Tarsier,(Marmoset,(Macaque,(Orangutan,(Gorilla,(Human,(Chimp,(Mouse,(Rat,(Squirrel,(Rabbit,(Pika,(Sloth,(Armadillo,(Tenrec,(Hyrax,(Elephant,(Platypus,Wallaby))))))))))))))))))))))))))))));
4	7500	8	4.235208034515381	(Cat,(Dog,(Pig,(Dolphin,(Cow,(Alpaca,(Horse,(Megabat,(Microbat,(Shrew,(Hedgehog,(Bushbaby,(Tarsier,(Marmoset,(Macaque,(Orangutan,(Gorilla,(Human,(Chimp,(Mouse,(Rat,(Squirrel,(Rabbit,(Pika,(Sloth,(Armadillo,(Tenrec,(Hyrax,(Elephant,(Platypus,Wallaby))))))))))))))))))))))))))))));
4	10000	8	4.616403102874756	(Cat,(Dog,(Pig,(Dolphin,(Cow,(Alpaca,(Horse,(Megabat,(Microbat,(Shrew,(Hedgehog,(Bushbaby,(Tarsier,(Marmoset,(Macaque,(Orangutan,(Gorilla,(Human,(Chimp,(Mouse,(Rat,(Squirrel,(Rabbit,(Pika,(Sloth,(Armadillo,(Tenrec,(Hyrax,(Elephant,(Platypus,Wallaby))))))))))))))))))))))))))))));
4	25000	8	4.317149639129639	(Cat,(Dog,(Pig,(Dolphin,(Cow,(Alpaca,(Horse,(Megabat,(Microbat,(Shrew,(Hedgehog,(Bushbaby,(Tarsier,(Marmoset,(Macaque,(Orangutan,(Gorilla,(Human,(Chimp,(Mouse,(Rat,(Squirrel,(Rabbit,(Pika,(Sloth,(Armadillo,(Tenrec,(Hyrax,(Elephant,(Platypus,Wallaby))))))))))))))))))))))))))))));
4	50000	8	4.6830220222473145	(Cat,(Dog,(Pig,(Dolphin,(Cow,(Alpaca,(Horse,(Megabat,(Microbat,(Shrew,(Hedgehog,(Bushbaby,(Tarsier,(Marmoset,(Macaque,(Orangutan,(Gorilla,(Human,(Chimp,(Mouse,(Rat,(Squirrel,(Rabbit,(Pika,(Sloth,(Armadillo,(Tenrec,(Hyrax,(Elephant,(Platypus,Wallaby))))))))))))))))))))))))))))));
4	75000	8	5.119736671447754	(Cat,(Dog,(Pig,(Dolphin,(Cow,(Alpaca,(Horse,(Megabat,(Microbat,(Shrew,(Hedgehog,(Bushbaby,(Tarsier,(Marmoset,(Macaque,(Orangutan,(Gorilla,(Human,(Chimp,(Mouse,(Rat,(Squirrel,(Rabbit,(Pika,(Sloth,(Armadillo,(Tenrec,(Hyrax,(Elephant,(Platypus,Wallaby))))))))))))))))))))))))))))));
4	100000	8	4.46909499168396	(Cat,(Dog,(Pig,(Dolphin,(Cow,(Alpaca,(Horse,(Megabat,(Microbat,(Shrew,(Hedgehog,(Bushbaby,(Tarsier,(Marmoset,(Macaque,(Orangutan,(Gorilla,(Human,(Chimp,(Mouse,(Rat,(Squirrel,(Rabbit,(Pika,(Sloth,(Armadillo,(Tenrec,(Hyrax,(Elephant,(Platypus,Wallaby))))))))))))))))))))))))))))));
5	100	8	4.571986436843872	(Cat,(Dog,(Pig,(Dolphin,(Cow,(Alpaca,(Horse,(Megabat,(Microbat,(Shrew,(Hedgehog,(Bushbaby,(Tarsier,(Marmoset,(Macaque,(Orangutan,(Gorilla,(Human,(Chimp,(Mouse,(Rat,(Squirrel,(Rabbit,(Pika,(Sloth,(Armadillo,(Tenrec,(Hyrax,(Elephant,(Platypus,Wallaby))))))))))))))))))))))))))))));
5	250	8	4.492186546325684	(Cat,(Dog,(Pig,(Dolphin,(Cow,(Alpaca,(Horse,(Megabat,(Microbat,(Shrew,(Hedgehog,(Bushbaby,(Tarsier,(Marmoset,(Macaque,(Orangutan,(Gorilla,(Human,(Chimp,(Mouse,(Rat,(Squirrel,(Rabbit,(Pika,(Sloth,(Armadillo,(Tenrec,(Hyrax,(Elephant,(Platypus,Wallaby))))))))))))))))))))))))))))));
5	500	8	4.484397649765015	(Cat,(Dog,(Pig,(Dolphin,(Cow,(Alpaca,(Horse,(Megabat,(Microbat,(Shrew,(Hedgehog,(Bushbaby,(Tarsier,(Marmoset,(Macaque,(Orangutan,(Gorilla,(Human,(Chimp,(Mouse,(Rat,(Squirrel,(Rabbit,(Pika,(Sloth,(Armadillo,(Tenrec,(Hyrax,(Elephant,(Platypus,Wallaby))))))))))))))))))))))))))))));
5	750	8	4.811518669128418	(Cat,(Dog,(Pig,(Dolphin,(Cow,(Alpaca,(Horse,(Megabat,(Microbat,(Shrew,(Hedgehog,(Bushbaby,(Tarsier,(Marmoset,(Macaque,(Orangutan,(Gorilla,(Human,(Chimp,(Mouse,(Rat,(Squirrel,(Rabbit,(Pika,(Sloth,(Armadillo,(Tenrec,(Hyrax,(Elephant,(Platypus,Wallaby))))))))))))))))))))))))))))));
5	1000	8	4.4319329261779785	(Cat,(Dog,(Pig,(Dolphin,(Cow,(Alpaca,(Horse,(Megabat,(Microbat,(Shrew,(Hedgehog,(Bushbaby,(Tarsier,(Marmoset,(Macaque,(Orangutan,(Gorilla,(Human,(Chimp,(Mouse,(Rat,(Squirrel,(Rabbit,(Pika,(Sloth,(Armadillo,(Tenrec,(Hyrax,(Elephant,(Platypus,Wallaby))))))))))))))))))))))))))))));
5	2500	8	4.637826204299927	(Cat,(Dog,(Pig,(Dolphin,(Cow,(Alpaca,(Horse,(Megabat,(Microbat,(Shrew,(Hedgehog,(Bushbaby,(Tarsier,(Marmoset,(Macaque,(Orangutan,(Gorilla,(Human,(Chimp,(Mouse,(Rat,(Squirrel,(Rabbit,(Pika,(Sloth,(Armadillo,(Tenrec,(Hyrax,(Elephant,(Platypus,Wallaby))))))))))))))))))))))))))))));
5	5000	8	4.545547723770142	(Cat,(Dog,(Pig,(Dolphin,(Cow,(Alpaca,(Horse,(Megabat,(Microbat,(Shrew,(Hedgehog,(Bushbaby,(Tarsier,(Marmoset,(Macaque,(Orangutan,(Gorilla,(Human,(Chimp,(Mouse,(Rat,(Squirrel,(Rabbit,(Pika,(Sloth,(Armadillo,(Tenrec,(Hyrax,(Elephant,(Platypus,Wallaby))))))))))))))))))))))))))))));
5	7500	8	4.6013853549957275	(Cat,(Dog,(Pig,(Dolphin,(Cow,(Alpaca,(Horse,(Megabat,(Microbat,(Shrew,(Hedgehog,(Bushbaby,(Tarsier,(Marmoset,(Macaque,(Orangutan,(Gorilla,(Human,(Chimp,(Mouse,(Rat,(Squirrel,(Rabbit,(Pika,(Sloth,(Armadillo,(Tenrec,(Hyrax,(Elephant,(Platypus,Wallaby))))))))))))))))))))))))))))));
5	10000	8	4.529182195663452	(Cat,(Dog,(Pig,(Dolphin,(Cow,(Alpaca,(Horse,(Megabat,(Microbat,(Shrew,(Hedgehog,(Bushbaby,(Tarsier,(Marmoset,(Macaque,(Orangutan,(Gorilla,(Human,(Chimp,(Mouse,(Rat,(Squirrel,(Rabbit,(Pika,(Sloth,(Armadillo,(Tenrec,(Hyrax,(Elephant,(Platypus,Wallaby))))))))))))))))))))))))))))));
5	25000	8	4.530618667602539	(Cat,(Dog,(Pig,(Dolphin,(Cow,(Alpaca,(Horse,(Megabat,(Microbat,(Shrew,(Hedgehog,(Bushbaby,(Tarsier,(Marmoset,(Macaque,(Orangutan,(Gorilla,(Human,(Chimp,(Mouse,(Rat,(Squirrel,(Rabbit,(Pika,(Sloth,(Armadillo,(Tenrec,(Hyrax,(Elephant,(Platypus,Wallaby))))))))))))))))))))))))))))));
5	50000	8	4.843672275543213	(Cat,(Dog,(Pig,(Dolphin,(Cow,(Alpaca,(Horse,(Megabat,(Microbat,(Shrew,(Hedgehog,(Bushbaby,(Tarsier,(Marmoset,(Macaque,(Orangutan,(Gorilla,(Human,(Chimp,(Mouse,(Rat,(Squirrel,(Rabbit,(Pika,(Sloth,(Armadillo,(Tenrec,(Hyrax,(Elephant,(Platypus,Wallaby))))))))))))))))))))))))))))));
5	75000	8	4.6750757694244385	(Cat,(Dog,(Pig,(Dolphin,(Cow,(Alpaca,(Horse,(Megabat,(Microbat,(Shrew,(Hedgehog,(Bushbaby,(Tarsier,(Marmoset,(Macaque,(Orangutan,(Gorilla,(Human,(Chimp,(Mouse,(Rat,(Squirrel,(Rabbit,(Pika,(Sloth,(Armadillo,(Tenrec,(Hyrax,(Elephant,(Platypus,Wallaby))))))))))))))))))))))))))))));
5	100000	8	4.639063835144043	(Cat,(Dog,(Pig,(Dolphin,(Cow,(Alpaca,(Horse,(Megabat,(Microbat,(Shrew,(Hedgehog,(Bushbaby,(Tarsier,(Marmoset,(Macaque,(Orangutan,(Gorilla,(Human,(Chimp,(Mouse,(Rat,(Squirrel,(Rabbit,(Pika,(Sloth,(Armadillo,(Tenrec,(Hyrax,(Elephant,(Platypus,Wallaby))))))))))))))))))))))))))))));
6	100	8	4.627223968505859	(Tenrec,(Cat,(Dog,(Pig,(Dolphin,(Cow,(Alpaca,(Horse,(Megabat,(Microbat,(Shrew,(Hedgehog,(Bushbaby,(Tarsier,(Marmoset,(Macaque,(Orangutan,(Gorilla,(Human,(Chimp,(Mouse,(Rat,(Squirrel,(Rabbit,(Pika,(Sloth,(Armadillo,(Hyrax,(Elephant,(Platypus,Wallaby))))))))))))))))))))))))))))));
6	250	8	4.687643766403198	((Marmoset,(Wallaby,Sloth)),(Tenrec,(Cat,(Dog,(Pig,(Dolphin,(Cow,(Alpaca,(Horse,(Megabat,(Microbat,(Shrew,(Hedgehog,(Bushbaby,(Tarsier,(Macaque,(Orangutan,(Gorilla,(Human,(Chimp,(Mouse,(Rat,(Squirrel,(Rabbit,(Pika,(Armadillo,(Hyrax,(Platypus,Elephant))))))))))))))))))))))))))));
6	500	8	4.562307834625244	((Marmoset,(Wallaby,Sloth)),(Alpaca,(Tenrec,(Hyrax,(Cat,(Dog,(Pig,(Dolphin,(Cow,(Horse,(Megabat,(Microbat,(Shrew,(Hedgehog,(Bushbaby,(Tarsier,(Macaque,(Orangutan,(Gorilla,(Human,(Chimp,(Mouse,(Rat,(Squirrel,(Rabbit,(Pika,(Armadillo,(Platypus,Elephant))))))))))))))))))))))))))));
6	750	8	4.511801719665527	((Marmoset,Alpaca),((Wallaby,Sloth),(Tenrec,(Hyrax,(Cat,(Dog,(Pig,(Dolphin,(Cow,(Horse,(Megabat,(Microbat,(Shrew,(Hedgehog,(Bushbaby,(Tarsier,(Macaque,(Orangutan,(Gorilla,(Human,(Chimp,(Mouse,(Rat,(Squirrel,(Rabbit,(Pika,(Armadillo,(Platypus,Elephant))))))))))))))))))))))))))));
6	1000	8	4.57841420173645	((Marmoset,Alpaca),((Wallaby,Sloth),(Tenrec,(Hyrax,(Cat,(Dog,(Pig,(Dolphin,(Cow,(Horse,(Megabat,(Microbat,(Shrew,(Hedgehog,(Bushbaby,(Tarsier,(Macaque,(Orangutan,(Gorilla,(Human,(Chimp,(Mouse,(Rat,(Squirrel,(Rabbit,(Pika,(Armadillo,(Platypus,Elephant))))))))))))))))))))))))))));
6	2500	8	4.823162078857422	((Squirrel,((Marmoset,Alpaca),(Horse,(Hedgehog,(Pika,(Tenrec,(Hyrax,(Cat,(Dog,(Pig,(Dolphin,(Cow,(Megabat,(Microbat,(Shrew,(Bushbaby,(Tarsier,(Macaque,(Orangutan,(Gorilla,(Human,(Chimp,(Mouse,(Rat,(Rabbit,(Armadillo,(Platypus,Elephant))))))))))))))))))))))))))),(Wallaby,Sloth));
6	5000	8	4.736187696456909	((Squirrel,(Hedgehog,((Marmoset,Alpaca),(Horse,(Pika,(Tenrec,(Hyrax,(Cat,(Dog,(Pig,(Dolphin,(Cow,(Megabat,(Microbat,(Shrew,(Bushbaby,(Tarsier,(Macaque,(Orangutan,(Gorilla,(Human,(Chimp,(Mouse,(Rat,(Rabbit,(Armadillo,(Platypus,Elephant))))))))))))))))))))))))))),(Wallaby,Sloth));
6	7500	8	4.8078601360321045	((Squirrel,(Hedgehog,((Marmoset,Alpaca),(Horse,(Pika,(Tenrec,(Hyrax,(Cat,(Dog,(Pig,(Dolphin,(Cow,(Megabat,(Microbat,(Shrew,(Bushbaby,(Tarsier,(Macaque,(Orangutan,(Gorilla,(Human,(Chimp,(Mouse,(Rat,(Rabbit,(Armadillo,(Platypus,Elephant))))))))))))))))))))))))))),(Wallaby,Sloth));
6	10000	8	4.769850015640259	((Squirrel,(Hedgehog,((Marmoset,Alpaca),(Horse,(Pika,(Tenrec,(Hyrax,(Cat,(Dog,(Pig,(Dolphin,(Cow,(Megabat,(Microbat,(Shrew,(Bushbaby,(Tarsier,(Macaque,(Orangutan,(Gorilla,(Human,(Chimp,(Mouse,(Rat,(Rabbit,(Armadillo,(Platypus,Elephant))))))))))))))))))))))))))),(Wallaby,Sloth));
6	25000	8	4.906120538711548	((Squirrel,(Hedgehog,((Marmoset,Alpaca),(Horse,(Pika,(Tenrec,(Hyrax,(Cat,(Dog,(Pig,(Dolphin,(Cow,(Megabat,(Microbat,(Shrew,(Bushbaby,(Tarsier,(Macaque,(Orangutan,(Gorilla,(Human,(Chimp,(Mouse,(Rat,(Rabbit,(Armadillo,(Platypus,Elephant))))))))))))))))))))))))))),(Wallaby,Sloth));
6	50000	8	5.228453874588013	((Squirrel,(Hedgehog,((Marmoset,Alpaca),(Horse,(Pika,(Tenrec,(Hyrax,(Cat,(Dog,(Pig,(Dolphin,(Cow,(Megabat,(Microbat,(Shrew,(Bushbaby,(Tarsier,(Macaque,(Orangutan,(Gorilla,(Human,(Chimp,(Mouse,(Rat,(Rabbit,(Armadillo,(Platypus,Elephant))))))))))))))))))))))))))),(Wallaby,Sloth));
6	75000	8	4.8597447872161865	((Squirrel,(Hedgehog,((Marmoset,Alpaca),(Horse,(Pika,(Tenrec,(Hyrax,(Cat,(Dog,(Pig,(Dolphin,(Cow,(Megabat,(Microbat,(Shrew,(Bushbaby,(Tarsier,(Macaque,(Orangutan,(Gorilla,(Human,(Chimp,(Mouse,(Rat,(Rabbit,(Armadillo,(Platypus,Elephant))))))))))))))))))))))))))),(Wallaby,Sloth));
6	100000	8	4.799628734588623	((Squirrel,(Hedgehog,((Marmoset,Alpaca),(Horse,(Pika,(Tenrec,(Hyrax,(Cat,(Dog,(Pig,(Dolphin,(Cow,(Megabat,(Microbat,(Shrew,(Bushbaby,(Tarsier,(Macaque,(Orangutan,(Gorilla,(Human,(Chimp,(Mouse,(Rat,(Rabbit,(Armadillo,(Platypus,Elephant))))))))))))))))))))))))))),(Wallaby,Sloth));
7	100	8	4.823940753936768	((Wallaby,Alpaca),(Pika,(Sloth,(((Rabbit,Cat),(Megabat,(Marmoset,(Elephant,(Hedgehog,Dog))))),((((Tarsier,(Hyrax,Microbat)),(Pig,((Rat,Dolphin),(Horse,Cow)))),(Tenrec,(Armadillo,Mouse))),((Macaque,Shrew),((Squirrel,Bushbaby),(Orangutan,(Platypus,(Gorilla,(Chimp,Human)))))))))));
7	250	8	4.7803709506988525	(Wallaby,(Pika,(Sloth,(Tenrec,(Shrew,((Squirrel,(Armadillo,Macaque)),((Megabat,(Elephant,Dog)),(Hyrax,(((((Gorilla,(Chimp,Human)),(Bushbaby,(Horse,Cow))),(Tarsier,(Platypus,Microbat))),(Hedgehog,(Rabbit,Cat))),((Orangutan,Marmoset),(Mouse,(Pig,(Alpaca,(Rat,Dolphin))))))))))))));
7	500	8	4.7155327796936035	(Wallaby,(Pika,(Sloth,(Alpaca,(Tarsier,(Megabat,((Tenrec,Mouse),((Shrew,(Orangutan,Macaque)),((Marmoset,Hedgehog),((Elephant,(Squirrel,Bushbaby)),(((Hyrax,(Cow,Dolphin)),((Horse,(Gorilla,(Chimp,Human))),(Armadillo,(Platypus,Microbat)))),((Rabbit,Cat),(Pig,(Rat,Dog))))))))))))));
7	750	8	4.762346982955933	(Wallaby,(Sloth,(Pika,(Tarsier,(Shrew,(Alpaca,(Hedgehog,(((Tenrec,Mouse),((Dolphin,(Microbat,Megabat)),((Platypus,(Dog,(Rabbit,Cat))),(Pig,(Hyrax,Rat))))),((Elephant,Armadillo),((Bushbaby,(Squirrel,Cow)),(Macaque,(Orangutan,(Marmoset,(Horse,(Gorilla,(Chimp,Human))))))))))))))));
7	1000	8	4.734269380569458	(Wallaby,(Sloth,(Pika,((Elephant,Shrew),(Hedgehog,(Tarsier,(Alpaca,(Macaque,((Armadillo,(Microbat,Megabat)),((Squirrel,Bushbaby),(Tenrec,(((Cow,Dolphin),(Pig,(Hyrax,Rat))),((Mouse,((Platypus,Horse),(Dog,(Rabbit,Cat)))),(Marmoset,(Orangutan,(Gorilla,(Chimp,Human)))))))))))))))));
7	2500	8	4.931229829788208	(Wallaby,(Sloth,(Hedgehog,(Shrew,(Pika,(Squirrel,(Tenrec,(Elephant,(Alpaca,(Tarsier,(Hyrax,(Bushbaby,(Mouse,((Cow,Dolphin),((Marmoset,(Macaque,(Orangutan,(Gorilla,(Chimp,Human))))),((Microbat,Megabat),((Rat,Pig),((Dog,(Rabbit,Cat)),(Armadillo,(Platypus,Horse))))))))))))))))))));
7	5000	8	4.946115016937256	(Wallaby,(Sloth,(Hedgehog,(Shrew,(Squirrel,(Tarsier,(Pika,(Tenrec,(Alpaca,((Elephant,Bushbaby),((Marmoset,(Orangutan,(Macaque,(Gorilla,(Chimp,Human))))),(Hyrax,(Dolphin,((Rat,Mouse),(Armadillo,(Microbat,(Megabat,(Cow,(Pig,((Rabbit,Dog),(Cat,(Platypus,Horse))))))))))))))))))))));
7	7500	8	5.08561110496521	(Wallaby,(Sloth,(Hedgehog,(Shrew,(Squirrel,(Pika,(Tenrec,(Alpaca,(Tarsier,(Hyrax,(Bushbaby,(Elephant,((Marmoset,(Macaque,(Orangutan,(Chimp,(Human,Gorilla))))),(Dolphin,(Armadillo,((Rat,Mouse),((Pig,(Cow,((Platypus,(Horse,Cat)),(Rabbit,Dog)))),(Microbat,Megabat))))))))))))))))));
7	10000	8	5.201749801635742	(Wallaby,(Sloth,(Hedgehog,(Shrew,(Squirrel,(Tenrec,(Alpaca,(Pika,(Hyrax,(Tarsier,(Bushbaby,((Marmoset,(Macaque,(Orangutan,(Gorilla,(Chimp,Human))))),(Elephant,(Armadillo,(Dolphin,((Rat,Mouse),(Microbat,(Megabat,(Dog,((Platypus,Rabbit),(Pig,(Cow,(Horse,Cat)))))))))))))))))))))));
7	25000	8	5.6719069480896	(Wallaby,(Sloth,(Hedgehog,(Shrew,(Squirrel,(Alpaca,(Tenrec,(Hyrax,(Pika,(Tarsier,((Marmoset,(Macaque,(Orangutan,(Gorilla,(Chimp,Human))))),(Armadillo,(Elephant,(Bushbaby,(Dolphin,(Megabat,((Rat,Mouse),(Microbat,(Dog,(Rabbit,(Cow,(Pig,(Cat,(Platypus,Horse))))))))))))))))))))))));
7	50000	8	5.765568256378174	(Wallaby,(Sloth,(Hedgehog,(Shrew,(Squirrel,(Alpaca,(Tenrec,(Hyrax,(Pika,(Tarsier,((Marmoset,(Macaque,(Orangutan,(Gorilla,(Chimp,Human))))),(Armadillo,(Elephant,(Bushbaby,(Dolphin,(Megabat,((Rat,Mouse),(Microbat,(Dog,(Rabbit,(Cow,(Pig,(Cat,(Platypus,Horse))))))))))))))))))))))));
7	75000	8	5.551673173904419	(Wallaby,(Sloth,(Hedgehog,(Shrew,(Squirrel,(Alpaca,(Tenrec,(Hyrax,(Pika,(Tarsier,((Marmoset,(Macaque,(Orangutan,(Gorilla,(Chimp,Human))))),(Armadillo,(Elephant,(Bushbaby,(Dolphin,(Megabat,((Rat,Mouse),(Microbat,(Dog,(Rabbit,(Cow,(Pig,(Cat,(Platypus,Horse))))))))))))))))))))))));
7	100000	8	5.518952131271362	(Wallaby,(Sloth,(Hedgehog,(Shrew,(Squirrel,(Alpaca,(Tenrec,(Hyrax,(Pika,(Tarsier,((Marmoset,(Macaque,(Orangutan,(Gorilla,(Chimp,Human))))),(Armadillo,(Elephant,(Bushbaby,(Dolphin,(Megabat,((Rat,Mouse),(Microbat,(Dog,(Rabbit,(Cow,(Pig,(Cat,(Platypus,Horse))))))))))))))))))))))));
8	100	8	4.94072413444519	((Sloth,((Pika,Rabbit),((Cow,(Mouse,Megabat)),(Hedgehog,((Elephant,Squirrel),(Alpaca,(Hyrax,((Tarsier,(Marmoset,Microbat)),(((Armadillo,(Rat,Bushbaby)),(Dog,Cat)),(Pig,(Horse,(Dolphin,(Macaque,(Orangutan,(Gorilla,(Chimp,Human)))))))))))))))),((Wallaby,Shrew),(Platypus,Tenrec)));
8	250	8	4.855562686920166	(Wallaby,(Platypus,(Shrew,(Tenrec,(Sloth,((Pika,Squirrel),(Hedgehog,(Alpaca,(Dolphin,((Elephant,(Rat,Mouse)),(Rabbit,((Pig,(Megabat,Cow)),(Armadillo,(Microbat,((Horse,(Dog,Cat)),(Hyrax,(Tarsier,(Bushbaby,(Marmoset,(Macaque,(Orangutan,(Gorilla,(Chimp,Human)))))))))))))))))))))));
8	500	8	4.871845960617065	(Wallaby,(Pika,(Tenrec,(Shrew,(Sloth,(Platypus,(Alpaca,(Hedgehog,((Elephant,Squirrel),((Rat,Mouse),((Microbat,(Dolphin,(Cow,Pig))),((Armadillo,Rabbit),(Hyrax,(((Marmoset,(Macaque,(Orangutan,(Gorilla,(Chimp,Human))))),((Megabat,Dog),(Horse,Cat))),(Tarsier,Bushbaby)))))))))))))));
8	750	8	4.932048320770264	(Wallaby,(Tenrec,(Sloth,(Shrew,(Pika,(Platypus,(Hedgehog,((Hyrax,Dolphin),((Rat,Mouse),(Alpaca,(Armadillo,(Microbat,(((Tarsier,Bushbaby),(Elephant,((Marmoset,(Macaque,(Orangutan,(Gorilla,(Chimp,Human))))),((Horse,Pig),(Megabat,(Dog,Cat)))))),(Squirrel,(Rabbit,Cow)))))))))))))));
8	1000	8	4.879030704498291	(Wallaby,(Pika,(Tenrec,(Shrew,(Platypus,((Armadillo,Sloth),(Hedgehog,(Hyrax,((Rat,Mouse),(Rabbit,(Squirrel,(Alpaca,((Dolphin,(Cow,(Microbat,Megabat))),(Elephant,(Bushbaby,((Tarsier,(Horse,Pig)),((Marmoset,(Macaque,(Orangutan,(Gorilla,(Chimp,Human))))),(Dog,Cat))))))))))))))))));
8	2500	8	4.947217226028442	(Wallaby,(Tenrec,(Hedgehog,(Pika,(Sloth,(Shrew,(Platypus,(Hyrax,(Alpaca,((Rat,Mouse),(Squirrel,(Rabbit,(Elephant,(Dolphin,(Bushbaby,((Armadillo,((Tarsier,(Marmoset,(Macaque,(Orangutan,(Gorilla,(Chimp,Human)))))),(Horse,(Dog,Cat)))),((Cow,Pig),(Microbat,Megabat))))))))))))))))));
8	5000	8	5.254834890365601	(Wallaby,(Hedgehog,(Shrew,(Tenrec,(Pika,(Sloth,(Platypus,(Hyrax,(Alpaca,((Rat,Mouse),(Squirrel,(Dolphin,(Bushbaby,(Armadillo,(Rabbit,(Elephant,(((Microbat,Megabat),((Horse,(Dog,Cat)),(Cow,Pig))),(Tarsier,(Marmoset,(Macaque,(Orangutan,(Gorilla,(Chimp,Human)))))))))))))))))))))));
8	7500	8	5.804945945739746	(Wallaby,(Sloth,(Tenrec,(Hedgehog,(Shrew,(Pika,(Hyrax,(Platypus,(Alpaca,((Rat,Mouse),(Squirrel,(Dolphin,(Tarsier,(Armadillo,(Rabbit,(Elephant,((((Horse,(Dog,Cat)),(Cow,Pig)),(Microbat,Megabat)),(Bushbaby,(Marmoset,(Macaque,(Orangutan,(Gorilla,(Chimp,Human)))))))))))))))))))))));
8	10000	8	5.914701223373413	(Wallaby,(Sloth,(Hedgehog,(Tenrec,(Shrew,(Pika,(Hyrax,(Platypus,(Alpaca,((Rat,Mouse),(Squirrel,(Dolphin,(Tarsier,(Bushbaby,(Armadillo,(Elephant,(Megabat,(Rabbit,((Marmoset,(Macaque,(Orangutan,(Gorilla,(Chimp,Human))))),(Microbat,((Cow,Pig),(Horse,(Dog,Cat)))))))))))))))))))))));
8	25000	8	6.522192001342773	(Wallaby,(Sloth,(Hedgehog,(Tenrec,(Shrew,(Pika,(Hyrax,(Platypus,(Alpaca,((Rat,Mouse),(Squirrel,(Bushbaby,(Armadillo,(Megabat,(Elephant,((Tarsier,(Marmoset,(Macaque,(Orangutan,(Gorilla,(Chimp,Human)))))),(Rabbit,((Dolphin,(Cow,Pig)),(Microbat,(Horse,(Dog,Cat)))))))))))))))))))));
8	50000	8	7.562598466873169	(Wallaby,(Hedgehog,(Sloth,(Shrew,(Tenrec,(Pika,(Hyrax,(Platypus,(Alpaca,((Rat,Mouse),(Squirrel,(Armadillo,(Bushbaby,(Tarsier,(Elephant,(Megabat,((Marmoset,(Macaque,(Orangutan,(Gorilla,(Chimp,Human))))),(Rabbit,(Microbat,((Horse,(Dog,Cat)),(Dolphin,(Cow,Pig))))))))))))))))))))));
8	75000	8	7.856477975845337	(Wallaby,(Hedgehog,(Sloth,(Shrew,(Tenrec,(Pika,(Hyrax,(Platypus,(Alpaca,((Rat,Mouse),(Squirrel,(Armadillo,(Bushbaby,(Megabat,(Elephant,((Tarsier,(Marmoset,(Macaque,(Orangutan,(Gorilla,(Chimp,Human)))))),(Rabbit,(Microbat,((Horse,(Dog,Cat)),(Dolphin,(Cow,Pig)))))))))))))))))))));
8	100000	8	7.608351469039917	(Wallaby,(Hedgehog,(Sloth,(Shrew,(Tenrec,(Pika,(Hyrax,(Platypus,(Alpaca,((Rat,Mouse),(Squirrel,(Armadillo,(Bushbaby,(Megabat,(Elephant,((Tarsier,(Marmoset,(Macaque,(Orangutan,(Gorilla,(Chimp,Human)))))),(Rabbit,(Microbat,((Horse,(Dog,Cat)),(Dolphin,(Cow,Pig)))))))))))))))))))));
9	100	8	5.383958578109741	(Wallaby,(Platypus,(Hedgehog,(Shrew,(Tenrec,(Sloth,(((Rat,Mouse),(Elephant,Hyrax)),((Megabat,((Microbat,Alpaca),((Cow,Dolphin),((Cat,(Horse,Dog)),((Rabbit,Pig),(Tarsier,(Bushbaby,(Squirrel,(Marmoset,(Macaque,(Orangutan,(Gorilla,(Chimp,Human))))))))))))),(Armadillo,Pika)))))))));
9	250	8	5.53592848777771	(Wallaby,(Platypus,(Shrew,((Tenrec,(Rat,Mouse)),(Hedgehog,(Pika,(Sloth,((Elephant,Hyrax),(Armadillo,((Alpaca,(Cow,Dolphin)),(((Rabbit,Pig),((Horse,(Dog,Cat)),(Tarsier,(Squirrel,(Bushbaby,(Marmoset,(Macaque,(Orangutan,(Gorilla,(Chimp,Human)))))))))),(Microbat,Megabat))))))))))));
9	500	8	5.372133493423462	(Wallaby,(Platypus,(Shrew,(Tenrec,(Pika,((Rat,Mouse),(Hedgehog,(Sloth,(Alpaca,((Elephant,Hyrax),((Armadillo,Rabbit),((Microbat,Megabat),((Pig,(Cow,Dolphin)),((Horse,(Dog,Cat)),(Tarsier,(Bushbaby,(Squirrel,(Marmoset,(Macaque,(Orangutan,(Gorilla,(Chimp,Human))))))))))))))))))))));
9	750	8	5.5664544105529785	(Wallaby,(Platypus,(Shrew,(Tenrec,(Pika,((Rat,Mouse),(Hedgehog,(Sloth,((Elephant,Hyrax),((Alpaca,(Pig,(Cow,Dolphin))),((Armadillo,Rabbit),((Microbat,Megabat),(Tarsier,((Horse,(Dog,Cat)),(Bushbaby,(Squirrel,(Marmoset,(Macaque,(Orangutan,(Gorilla,(Chimp,Human)))))))))))))))))))));
9	1000	8	5.598849534988403	(Wallaby,(Platypus,(Shrew,(Tenrec,(Pika,(Sloth,((Rat,Mouse),(Hedgehog,((Elephant,Hyrax),(Armadillo,(Rabbit,((Alpaca,(Pig,(Cow,Dolphin))),((Microbat,Megabat),(Bushbaby,((Horse,(Dog,Cat)),(Tarsier,(Squirrel,(Marmoset,(Macaque,(Orangutan,(Gorilla,(Chimp,Human))))))))))))))))))))));
9	2500	8	5.72014594078064	(Platypus,(Wallaby,(Shrew,(Tenrec,(Pika,(Hedgehog,(Sloth,((Rat,Mouse),((Elephant,Hyrax),(Rabbit,(Armadillo,((Squirrel,((Megabat,(Microbat,Horse)),(Bushbaby,(Tarsier,((Marmoset,(Macaque,(Orangutan,(Gorilla,(Chimp,Human))))),(Dog,Cat)))))),(Alpaca,(Pig,(Cow,Dolphin)))))))))))))));
9	5000	8	5.781049728393555	(Wallaby,(Platypus,(Shrew,(Tenrec,(Hedgehog,(Pika,(Sloth,((Rat,Mouse),(Alpaca,((Elephant,Hyrax),(Rabbit,(Armadillo,(((Pig,(Cow,Dolphin)),(Megabat,(Microbat,(Horse,(Dog,Cat))))),(Tarsier,(Bushbaby,(Squirrel,(Marmoset,(Macaque,(Orangutan,(Gorilla,(Chimp,Human)))))))))))))))))))));
9	7500	8	5.998218059539795	(Wallaby,(Platypus,(Tenrec,(Shrew,(Pika,(Hedgehog,(Sloth,((Rat,Mouse),(Alpaca,((Elephant,Hyrax),(Rabbit,(Armadillo,((Microbat,(Megabat,((Pig,(Cow,Dolphin)),(Horse,(Dog,Cat))))),(Tarsier,(Bushbaby,(Squirrel,(Marmoset,(Macaque,(Orangutan,(Gorilla,(Chimp,Human)))))))))))))))))))));
9	10000	8	6.090258836746216	(Wallaby,(Platypus,(Tenrec,(Shrew,(Hedgehog,(Pika,(Sloth,((Rat,Mouse),(Alpaca,((Elephant,Hyrax),(Armadillo,(Rabbit,((Tarsier,(Bushbaby,(Squirrel,(Marmoset,(Macaque,(Orangutan,(Gorilla,(Chimp,Human)))))))),(((Pig,(Cow,Dolphin)),(Horse,(Dog,Cat))),(Microbat,Megabat)))))))))))))));
9	25000	8	6.823084831237793	(Wallaby,(Platypus,(Tenrec,(Shrew,(Hedgehog,(Pika,(Sloth,(Hyrax,((Rat,Mouse),(Alpaca,(Rabbit,(Armadillo,(Elephant,((Tarsier,(Bushbaby,(Squirrel,(Marmoset,(Macaque,(Orangutan,(Gorilla,(Chimp,Human)))))))),(((Pig,(Cow,Dolphin)),(Horse,(Dog,Cat))),(Microbat,Megabat))))))))))))))));
9	50000	8	7.842190265655518	(Wallaby,(Platypus,(Tenrec,(Shrew,(Hedgehog,(Pika,(Sloth,(Hyrax,((Rat,Mouse),(Alpaca,(Rabbit,(Armadillo,(Elephant,((Bushbaby,(Tarsier,(Squirrel,(Marmoset,(Macaque,(Orangutan,(Gorilla,(Chimp,Human)))))))),(((Pig,(Cow,Dolphin)),(Horse,(Dog,Cat))),(Microbat,Megabat))))))))))))))));
9	75000	8	8.830162763595581	(Wallaby,(Platypus,(Tenrec,(Shrew,(Hedgehog,(Pika,(Sloth,(Hyrax,((Rat,Mouse),(Alpaca,(Rabbit,(Armadillo,(Elephant,((Tarsier,(Bushbaby,(Squirrel,(Marmoset,(Macaque,(Orangutan,(Gorilla,(Chimp,Human)))))))),(((Pig,(Cow,Dolphin)),(Horse,(Dog,Cat))),(Microbat,Megabat))))))))))))))));
9	100000	8	9.812098264694214	(Wallaby,(Platypus,(Tenrec,(Shrew,(Hedgehog,(Pika,(Sloth,(Hyrax,((Rat,Mouse),(Alpaca,(Rabbit,(Armadillo,(Elephant,((Tarsier,(Bushbaby,(Squirrel,(Marmoset,(Macaque,(Orangutan,(Gorilla,(Chimp,Human)))))))),(((Pig,(Cow,Dolphin)),(Horse,(Dog,Cat))),(Microbat,Megabat))))))))))))))));
10	100	8	5.946399450302124	(((Rat,Mouse),((Tenrec,Shrew),(Pika,((Rabbit,(Sloth,(Alpaca,((Tarsier,Bushbaby),(Squirrel,(((Dog,Cat),(Microbat,Megabat)),((Marmoset,(Macaque,(Orangutan,(Gorilla,(Chimp,Human))))),((Pig,(Horse,(Cow,Dolphin))),(Elephant,Armadillo))))))))),(Hyrax,Hedgehog))))),(Platypus,Wallaby));
10	250	8	5.486549377441406	(Wallaby,(Platypus,(Tenrec,((Rat,Mouse),(Shrew,(Pika,(Hyrax,(Sloth,(Hedgehog,(Rabbit,((Tarsier,Bushbaby),(Armadillo,(Squirrel,((Microbat,Megabat),((Elephant,(Marmoset,(Macaque,(Orangutan,(Gorilla,(Chimp,Human)))))),((Horse,(Dog,Cat)),(Alpaca,(Cow,(Dolphin,Pig)))))))))))))))))));
10	500	8	5.399150133132935	(Wallaby,(Platypus,(Tenrec,((Rat,Mouse),(Shrew,(Pika,(Hedgehog,(Hyrax,((Armadillo,Sloth),(Rabbit,(Squirrel,(((Microbat,Megabat),(Alpaca,((Dog,Cat),(Horse,(Cow,(Dolphin,Pig)))))),(Tarsier,(Elephant,(Bushbaby,(Marmoset,(Macaque,(Orangutan,(Gorilla,(Chimp,Human))))))))))))))))))));
10	750	8	5.575708866119385	(Wallaby,(Platypus,(Tenrec,(Hedgehog,(Pika,(Shrew,((Rat,Mouse),(Hyrax,((Armadillo,Sloth),(Rabbit,(Squirrel,((Tarsier,(Elephant,(Bushbaby,(Marmoset,(Macaque,(Orangutan,(Gorilla,(Chimp,Human)))))))),((Microbat,Megabat),(Alpaca,((Cow,(Dolphin,Pig)),(Horse,(Dog,Cat)))))))))))))))));
10	1000	8	5.4794628620147705	(Wallaby,(Platypus,(Pika,(Hedgehog,(Tenrec,((Rat,Mouse),(Shrew,(Hyrax,((Armadillo,Sloth),(Rabbit,(Squirrel,((Alpaca,((Microbat,Megabat),((Cow,(Dolphin,Pig)),(Horse,(Dog,Cat))))),(Elephant,(Tarsier,(Bushbaby,(Marmoset,(Macaque,(Orangutan,(Gorilla,(Chimp,Human))))))))))))))))))));
10	2500	8	5.647228717803955	(Wallaby,(Platypus,(Tenrec,(Shrew,(Pika,((Rat,Mouse),(Hedgehog,(Hyrax,((Armadillo,Sloth),(Rabbit,(Squirrel,((Alpaca,((Microbat,Megabat),((Cow,(Dolphin,Pig)),(Horse,(Dog,Cat))))),(Elephant,(Bushbaby,(Tarsier,(Marmoset,(Macaque,(Orangutan,(Gorilla,(Chimp,Human))))))))))))))))))));
10	5000	8	5.503060817718506	(Platypus,(Wallaby,(Tenrec,(Shrew,(Pika,((Rat,Mouse),(Hedgehog,((Elephant,Hyrax),((Armadillo,Sloth),(Rabbit,((Alpaca,((Microbat,Megabat),((Cow,(Dolphin,Pig)),(Horse,(Dog,Cat))))),(Squirrel,(Bushbaby,(Tarsier,(Marmoset,(Macaque,(Orangutan,(Gorilla,(Chimp,Human)))))))))))))))))));
10	7500	8	5.568337440490723	(Platypus,(Wallaby,(Tenrec,(Shrew,(Pika,((Rat,Mouse),(Hedgehog,((Elephant,Hyrax),((Armadillo,Sloth),(Rabbit,((Squirrel,(Bushbaby,(Tarsier,(Marmoset,(Macaque,(Orangutan,(Gorilla,(Chimp,Human)))))))),(Alpaca,((Microbat,Megabat),((Cow,(Dolphin,Pig)),(Horse,(Dog,Cat))))))))))))))));
10	10000	8	5.713766098022461	(Platypus,(Wallaby,(Tenrec,(Shrew,(Pika,((Rat,Mouse),(Hedgehog,((Armadillo,Sloth),((Elephant,Hyrax),(Rabbit,((Squirrel,(Bushbaby,(Tarsier,(Marmoset,(Macaque,(Orangutan,(Gorilla,(Chimp,Human)))))))),(Alpaca,((Microbat,Megabat),((Cow,(Dolphin,Pig)),(Horse,(Dog,Cat))))))))))))))));
10	25000	8	6.810380935668945	(Platypus,(Wallaby,(Tenrec,(Shrew,(Pika,((Rat,Mouse),(Hedgehog,((Elephant,Hyrax),((Armadillo,Sloth),(Rabbit,((Squirrel,(Bushbaby,(Tarsier,(Marmoset,(Macaque,(Orangutan,(Gorilla,(Chimp,Human)))))))),(Alpaca,((Microbat,Megabat),((Pig,(Cow,Dolphin)),(Horse,(Dog,Cat))))))))))))))));
10	50000	8	8.018349409103394	(Platypus,(Wallaby,(Tenrec,(Shrew,(Pika,((Rat,Mouse),(Hedgehog,((Elephant,Hyrax),((Armadillo,Sloth),(Rabbit,((Squirrel,(Bushbaby,(Tarsier,(Marmoset,(Macaque,(Orangutan,(Gorilla,(Chimp,Human)))))))),(Alpaca,((Microbat,Megabat),((Pig,(Cow,Dolphin)),(Horse,(Dog,Cat))))))))))))))));
10	75000	8	8.62374210357666	(Platypus,(Wallaby,(Tenrec,(Shrew,(Pika,(Hedgehog,((Rat,Mouse),((Elephant,Hyrax),((Armadillo,Sloth),(Rabbit,((Squirrel,(Bushbaby,(Tarsier,(Marmoset,(Macaque,(Orangutan,(Gorilla,(Chimp,Human)))))))),(Alpaca,((Microbat,Megabat),((Pig,(Cow,Dolphin)),(Horse,(Dog,Cat))))))))))))))));
10	100000	8	9.804770708084106	(Platypus,(Wallaby,(Tenrec,(Shrew,(Pika,(Hedgehog,((Rat,Mouse),((Elephant,Hyrax),((Armadillo,Sloth),(Rabbit,((Squirrel,(Bushbaby,(Tarsier,(Marmoset,(Macaque,(Orangutan,(Gorilla,(Chimp,Human)))))))),(Alpaca,((Microbat,Megabat),((Pig,(Cow,Dolphin)),(Horse,(Dog,Cat))))))))))))))));
11	100	8	5.8341755867004395	(((Rat,Mouse),(Pika,(Tenrec,(Hedgehog,(Hyrax,(Bushbaby,((Rabbit,Shrew),((((Dog,Cat),(Microbat,Megabat)),(Alpaca,(Horse,(Pig,(Cow,Dolphin))))),((Squirrel,Tarsier),((Marmoset,(Macaque,(Orangutan,(Gorilla,(Chimp,Human))))),(Elephant,(Armadillo,Sloth)))))))))))),(Platypus,Wallaby));
11	250	8	5.806247234344482	(Wallaby,(Platypus,(Hedgehog,(Tenrec,(Pika,(Shrew,((Rat,Mouse),(Hyrax,(Bushbaby,(Rabbit,((((Microbat,Megabat),(Horse,(Dog,Cat))),(Alpaca,(Pig,(Cow,Dolphin)))),(Squirrel,((Tarsier,(Marmoset,(Macaque,(Orangutan,(Gorilla,(Chimp,Human)))))),(Sloth,(Elephant,Armadillo)))))))))))))));
11	500	8	5.652868032455444	(Wallaby,(Platypus,(Hedgehog,(Shrew,(Tenrec,((Rat,Mouse),(Pika,(Hyrax,((Armadillo,Sloth),(Rabbit,((Alpaca,((Cow,(Dolphin,Pig)),((Microbat,Megabat),(Horse,(Dog,Cat))))),(Bushbaby,(Squirrel,(Tarsier,(Elephant,(Marmoset,(Macaque,(Orangutan,(Gorilla,(Chimp,Human))))))))))))))))))));
11	750	8	5.830987453460693	(Platypus,(Wallaby,((Rat,Mouse),(Shrew,(Tenrec,(Hedgehog,((Pika,Rabbit),((Elephant,Hyrax),((Armadillo,Sloth),(((Alpaca,(Cow,(Dolphin,Pig))),((Microbat,Megabat),(Horse,(Dog,Cat)))),(Squirrel,(Bushbaby,(Tarsier,(Marmoset,(Macaque,(Orangutan,(Gorilla,(Chimp,Human))))))))))))))))));
11	1000	8	6.119258642196655	(Platypus,(Wallaby,(Tenrec,((Rat,Mouse),(Shrew,(Pika,(Hedgehog,((Elephant,Hyrax),((Armadillo,Sloth),(Rabbit,(((Alpaca,(Cow,(Dolphin,Pig))),((Horse,(Dog,Cat)),(Microbat,Megabat))),(Squirrel,(Bushbaby,(Tarsier,(Marmoset,(Macaque,(Orangutan,(Gorilla,(Chimp,Human)))))))))))))))))));
11	2500	8	6.043196678161621	(Platypus,(Wallaby,(Tenrec,((Rat,Mouse),(Shrew,(Pika,(Hedgehog,((Elephant,Hyrax),((Armadillo,Sloth),(Rabbit,((Squirrel,(Bushbaby,(Tarsier,(Marmoset,(Macaque,(Orangutan,(Gorilla,(Chimp,Human)))))))),(Alpaca,(Microbat,((Pig,(Cow,Dolphin)),(Megabat,(Horse,(Dog,Cat)))))))))))))))));
11	5000	8	6.421438932418823	(Platypus,(Wallaby,(Tenrec,((Rat,Mouse),(Shrew,(Pika,(Hedgehog,((Elephant,Hyrax),((Armadillo,Sloth),(Rabbit,((((Horse,(Dog,Cat)),(Microbat,Megabat)),(Alpaca,(Pig,(Cow,Dolphin)))),(Squirrel,(Bushbaby,(Tarsier,(Marmoset,(Macaque,(Orangutan,(Gorilla,(Chimp,Human)))))))))))))))))));
11	7500	8	6.3221166133880615	(Platypus,(Wallaby,(Tenrec,((Rat,Mouse),(Shrew,(Pika,(Hedgehog,((Elephant,Hyrax),((Armadillo,Sloth),(Rabbit,((Alpaca,((Microbat,Megabat),((Pig,(Cow,Dolphin)),(Horse,(Dog,Cat))))),(Squirrel,(Bushbaby,(Tarsier,(Marmoset,(Macaque,(Orangutan,(Gorilla,(Chimp,Human)))))))))))))))))));
11	10000	8	6.380446434020996	(Platypus,(Wallaby,(Tenrec,((Rat,Mouse),(Shrew,(Pika,(Hedgehog,((Elephant,Hyrax),((Armadillo,Sloth),(Rabbit,(((Alpaca,(Pig,(Cow,Dolphin))),((Horse,(Dog,Cat)),(Microbat,Megabat))),(Squirrel,(Bushbaby,(Tarsier,(Marmoset,(Macaque,(Orangutan,(Gorilla,(Chimp,Human)))))))))))))))))));
11	25000	8	7.078543663024902	(Platypus,(Wallaby,(Tenrec,((Rat,Mouse),(Shrew,(Pika,(Hedgehog,((Elephant,Hyrax),((Armadillo,Sloth),(Rabbit,(((Alpaca,(Pig,(Cow,Dolphin))),((Horse,(Dog,Cat)),(Microbat,Megabat))),(Squirrel,(Bushbaby,(Tarsier,(Marmoset,(Macaque,(Orangutan,(Gorilla,(Chimp,Human)))))))))))))))))));
11	50000	8	7.922367334365845	(Platypus,(Wallaby,(Tenrec,((Rat,Mouse),(Shrew,(Hedgehog,((Pika,Rabbit),((Elephant,Hyrax),((Armadillo,Sloth),(((Alpaca,(Pig,(Cow,Dolphin))),((Horse,(Dog,Cat)),(Microbat,Megabat))),(Squirrel,(Bushbaby,(Tarsier,(Marmoset,(Macaque,(Orangutan,(Gorilla,(Chimp,Human))))))))))))))))));
11	75000	8	9.116185903549194	(Platypus,(Wallaby,(Tenrec,((Rat,Mouse),(Shrew,(Pika,(Hedgehog,((Elephant,Hyrax),((Armadillo,Sloth),(Rabbit,(((Alpaca,(Pig,(Cow,Dolphin))),((Horse,(Dog,Cat)),(Microbat,Megabat))),(Squirrel,(Bushbaby,(Tarsier,(Marmoset,(Macaque,(Orangutan,(Gorilla,(Chimp,Human)))))))))))))))))));
11	100000	8	10.034221410751343	(Platypus,(Wallaby,(Tenrec,((Rat,Mouse),(Shrew,(Pika,(Hedgehog,((Elephant,Hyrax),((Armadillo,Sloth),(Rabbit,(((Alpaca,(Pig,(Cow,Dolphin))),((Horse,(Dog,Cat)),(Microbat,Megabat))),(Squirrel,(Bushbaby,(Tarsier,(Marmoset,(Macaque,(Orangutan,(Gorilla,(Chimp,Human)))))))))))))))))));
12	100	8	5.885960578918457	(Platypus,(Wallaby,((Rat,Mouse),(Hedgehog,((Hyrax,Tenrec),(Pika,(Shrew,(Rabbit,(Armadillo,(Cow,(((Bushbaby,(Elephant,((Marmoset,(Macaque,(Orangutan,(Gorilla,(Chimp,Human))))),(Squirrel,Tarsier)))),(Microbat,Megabat)),((Horse,(Dolphin,Pig)),((Dog,Cat),(Sloth,Alpaca))))))))))))));
12	250	8	6.003058910369873	(Platypus,(Wallaby,((Hyrax,Tenrec),(Hedgehog,((Rat,Mouse),(Shrew,((Pika,Rabbit),((Armadillo,Sloth),((Elephant,(Bushbaby,(Tarsier,(Squirrel,(Marmoset,(Macaque,(Orangutan,(Gorilla,(Chimp,Human))))))))),(((Dog,Cat),(Microbat,(Megabat,Horse))),(Alpaca,(Cow,(Dolphin,Pig)))))))))))));
12	500	8	5.7948317527771	(Platypus,(Wallaby,((Rat,Mouse),(Tenrec,(Pika,(Hedgehog,(Shrew,((Elephant,Hyrax),((Armadillo,Sloth),(Rabbit,((Bushbaby,(Tarsier,(Squirrel,(Marmoset,(Macaque,(Orangutan,(Gorilla,(Chimp,Human)))))))),((Alpaca,(Pig,(Cow,Dolphin))),((Dog,Cat),(Microbat,(Megabat,Horse)))))))))))))));
12	750	8	5.770493268966675	(Platypus,(Wallaby,(Tenrec,((Rat,Mouse),(Pika,(Hedgehog,(Shrew,((Elephant,Hyrax),((Armadillo,Sloth),(((Alpaca,(Pig,(Cow,Dolphin))),(Microbat,((Dog,Cat),(Megabat,Horse)))),(Rabbit,(Bushbaby,(Tarsier,(Squirrel,(Marmoset,(Macaque,(Orangutan,(Gorilla,(Chimp,Human)))))))))))))))))));
12	1000	8	5.78342080116272	(Platypus,(Wallaby,((Rat,Mouse),(Tenrec,(Hedgehog,(Pika,(Shrew,((Elephant,Hyrax),((Armadillo,Sloth),(Rabbit,(((Alpaca,(Cow,(Dolphin,Pig))),((Dog,Cat),(Microbat,(Megabat,Horse)))),(Bushbaby,(Squirrel,(Tarsier,(Marmoset,(Macaque,(Orangutan,(Gorilla,(Chimp,Human)))))))))))))))))));
12	2500	8	5.7177276611328125	(Platypus,(Wallaby,(Tenrec,((Rat,Mouse),(Shrew,(Pika,(Hedgehog,((Elephant,Hyrax),(Rabbit,((Armadillo,Sloth),(((Alpaca,(Pig,(Cow,Dolphin))),((Horse,(Dog,Cat)),(Microbat,Megabat))),(Squirrel,(Tarsier,(Bushbaby,(Marmoset,(Macaque,(Orangutan,(Gorilla,(Chimp,Human)))))))))))))))))));
12	5000	8	5.891664266586304	(Platypus,(Wallaby,(Tenrec,((Rat,Mouse),(Shrew,(Hedgehog,((Pika,Rabbit),((Elephant,Hyrax),((Armadillo,Sloth),(((Alpaca,(Pig,(Cow,Dolphin))),((Horse,(Dog,Cat)),(Microbat,Megabat))),(Squirrel,(Tarsier,(Bushbaby,(Marmoset,(Macaque,(Orangutan,(Gorilla,(Chimp,Human))))))))))))))))));
12	7500	8	5.923428058624268	(Platypus,(Wallaby,((Rat,Mouse),(Tenrec,(Shrew,(Hedgehog,((Pika,Rabbit),((Elephant,Hyrax),((Armadillo,Sloth),(((Alpaca,(Pig,(Cow,Dolphin))),((Horse,(Dog,Cat)),(Microbat,Megabat))),(Squirrel,(Bushbaby,(Tarsier,(Marmoset,(Macaque,(Orangutan,(Gorilla,(Chimp,Human))))))))))))))))));
12	10000	8	5.987910985946655	(Platypus,(Wallaby,((Rat,Mouse),(Tenrec,(Shrew,(Hedgehog,((Pika,Rabbit),((Elephant,Hyrax),((Armadillo,Sloth),(((Alpaca,(Pig,(Cow,Dolphin))),((Horse,(Dog,Cat)),(Microbat,Megabat))),(Squirrel,(Bushbaby,(Tarsier,(Marmoset,(Macaque,(Orangutan,(Gorilla,(Chimp,Human))))))))))))))))));
12	25000	8	6.845256567001343	(Platypus,(Wallaby,((Rat,Mouse),(Tenrec,(Shrew,(Hedgehog,((Pika,Rabbit),((Elephant,Hyrax),((Armadillo,Sloth),(((Alpaca,(Pig,(Cow,Dolphin))),((Horse,(Dog,Cat)),(Microbat,Megabat))),(Squirrel,(Bushbaby,(Tarsier,(Marmoset,(Macaque,(Orangutan,(Gorilla,(Chimp,Human))))))))))))))))));
12	50000	8	7.839388608932495	(Platypus,(Wallaby,((Rat,Mouse),(Tenrec,(Shrew,(Hedgehog,((Pika,Rabbit),((Elephant,Hyrax),((Armadillo,Sloth),(((Alpaca,(Pig,(Cow,Dolphin))),((Horse,(Dog,Cat)),(Microbat,Megabat))),(Squirrel,(Bushbaby,(Tarsier,(Marmoset,(Macaque,(Orangutan,(Gorilla,(Chimp,Human))))))))))))))))));
12	75000	8	9.601770639419556	(Platypus,(Wallaby,((Rat,Mouse),(Tenrec,(Shrew,(Hedgehog,((Pika,Rabbit),((Elephant,Hyrax),((Armadillo,Sloth),(((Alpaca,(Pig,(Cow,Dolphin))),((Horse,(Dog,Cat)),(Microbat,Megabat))),(Squirrel,(Bushbaby,(Tarsier,(Marmoset,(Macaque,(Orangutan,(Gorilla,(Chimp,Human))))))))))))))))));
12	100000	8	9.903966188430786	(Platypus,(Wallaby,((Rat,Mouse),(Tenrec,(Shrew,(Hedgehog,((Pika,Rabbit),((Elephant,Hyrax),((Armadillo,Sloth),(((Alpaca,(Pig,(Cow,Dolphin))),((Horse,(Dog,Cat)),(Microbat,Megabat))),(Squirrel,(Bushbaby,(Tarsier,(Marmoset,(Macaque,(Orangutan,(Gorilla,(Chimp,Human))))))))))))))))));
13	100	8	5.785064220428467	(((Tenrec,Shrew),(Hedgehog,((Rat,Mouse),(Squirrel,(Pika,(Bushbaby,((Armadillo,Sloth),((Elephant,Hyrax),((Dog,((Microbat,Megabat),(Cow,(Alpaca,((Dolphin,Pig),(Horse,Cat)))))),(Rabbit,(Tarsier,(Marmoset,(Macaque,(Orangutan,(Gorilla,(Chimp,Human)))))))))))))))),(Platypus,Wallaby));
13	250	8	5.8841071128845215	(Platypus,(Wallaby,(Shrew,(Tenrec,((Rat,Mouse),(Hedgehog,((Pika,Rabbit),((Armadillo,Sloth),((Elephant,Hyrax),(Squirrel,(Bushbaby,(((Microbat,(Dog,Cat)),(Alpaca,(Horse,(Cow,(Dolphin,Pig))))),(Megabat,(Tarsier,(Marmoset,(Macaque,(Orangutan,(Gorilla,(Chimp,Human)))))))))))))))))));
13	500	8	5.786366701126099	(Platypus,(Wallaby,(Shrew,(Tenrec,((Rat,Mouse),(Hedgehog,((Pika,Rabbit),((Elephant,Hyrax),((Armadillo,Sloth),(Squirrel,((Tarsier,Bushbaby),((Alpaca,(Cow,(Dolphin,Pig))),((Dog,Cat),(Microbat,((Marmoset,(Macaque,(Orangutan,(Gorilla,(Chimp,Human))))),(Megabat,Horse))))))))))))))));
13	750	8	5.794774293899536	(Platypus,(Wallaby,(Shrew,(Tenrec,((Rat,Mouse),(Hedgehog,(Pika,((Elephant,Hyrax),(Rabbit,((Armadillo,Sloth),(((Alpaca,(Cow,(Dolphin,Pig))),((Horse,(Dog,Cat)),(Microbat,Megabat))),(Bushbaby,(Squirrel,(Tarsier,(Marmoset,(Macaque,(Orangutan,(Gorilla,(Chimp,Human)))))))))))))))))));
13	1000	8	5.751255750656128	(Platypus,(Wallaby,(Shrew,(Tenrec,((Rat,Mouse),(Hedgehog,((Pika,Rabbit),((Elephant,Hyrax),((Armadillo,Sloth),(((Alpaca,(Pig,(Cow,Dolphin))),((Microbat,Megabat),(Horse,(Dog,Cat)))),(Squirrel,(Bushbaby,(Tarsier,(Marmoset,(Macaque,(Orangutan,(Gorilla,(Chimp,Human))))))))))))))))));
13	2500	8	5.665202856063843	(Platypus,(Wallaby,((Rat,Mouse),(Tenrec,(Shrew,(Hedgehog,((Pika,Rabbit),((Elephant,Hyrax),((Armadillo,Sloth),(((Alpaca,(Pig,(Cow,Dolphin))),((Dog,Cat),(Microbat,(Megabat,Horse)))),(Squirrel,(Bushbaby,(Tarsier,(Marmoset,(Macaque,(Orangutan,(Gorilla,(Chimp,Human))))))))))))))))));
13	5000	8	5.842832326889038	(Platypus,(Wallaby,((Rat,Mouse),(Tenrec,(Shrew,(Hedgehog,((Pika,Rabbit),((Elephant,Hyrax),((Armadillo,Sloth),(((Alpaca,(Pig,(Cow,Dolphin))),((Dog,Cat),(Microbat,(Megabat,Horse)))),(Squirrel,(Bushbaby,(Tarsier,(Marmoset,(Macaque,(Orangutan,(Gorilla,(Chimp,Human))))))))))))))))));
13	7500	8	6.753011703491211	(Platypus,(Wallaby,((Rat,Mouse),(Tenrec,(Shrew,(Hedgehog,((Pika,Rabbit),((Elephant,Hyrax),((Armadillo,Sloth),(((Alpaca,(Pig,(Cow,Dolphin))),(Microbat,((Dog,Cat),(Megabat,Horse)))),(Squirrel,(Bushbaby,(Tarsier,(Marmoset,(Macaque,(Orangutan,(Gorilla,(Chimp,Human))))))))))))))))));
13	10000	8	6.214522123336792	(Platypus,(Wallaby,((Rat,Mouse),(Tenrec,(Shrew,(Hedgehog,((Pika,Rabbit),((Elephant,Hyrax),((Armadillo,Sloth),(((Alpaca,(Pig,(Cow,Dolphin))),(Microbat,((Dog,Cat),(Megabat,Horse)))),(Squirrel,(Bushbaby,(Tarsier,(Marmoset,(Macaque,(Orangutan,(Gorilla,(Chimp,Human))))))))))))))))));
13	25000	8	6.870535850524902	(Platypus,(Wallaby,((Rat,Mouse),(Tenrec,(Shrew,(Hedgehog,((Pika,Rabbit),((Elephant,Hyrax),((Armadillo,Sloth),(((Alpaca,(Pig,(Cow,Dolphin))),((Horse,(Dog,Cat)),(Microbat,Megabat))),(Squirrel,(Bushbaby,(Tarsier,(Marmoset,(Macaque,(Orangutan,(Gorilla,(Chimp,Human))))))))))))))))));
13	50000	8	7.90299391746521	(Platypus,(Wallaby,((Rat,Mouse),(Tenrec,(Shrew,(Hedgehog,((Pika,Rabbit),((Elephant,Hyrax),((Armadillo,Sloth),(((Alpaca,(Pig,(Cow,Dolphin))),((Horse,(Dog,Cat)),(Microbat,Megabat))),(Squirrel,(Bushbaby,(Tarsier,(Marmoset,(Macaque,(Orangutan,(Gorilla,(Chimp,Human))))))))))))))))));
13	75000	8	8.93406867980957	(Platypus,(Wallaby,((Rat,Mouse),(Tenrec,(Shrew,(Hedgehog,((Pika,Rabbit),((Elephant,Hyrax),((Armadillo,Sloth),(((Alpaca,(Pig,(Cow,Dolphin))),((Horse,(Dog,Cat)),(Microbat,Megabat))),(Squirrel,(Bushbaby,(Tarsier,(Marmoset,(Macaque,(Orangutan,(Gorilla,(Chimp,Human))))))))))))))))));
13	100000	8	10.040231704711914	(Platypus,(Wallaby,((Rat,Mouse),(Tenrec,(Shrew,(Hedgehog,((Pika,Rabbit),((Elephant,Hyrax),((Armadillo,Sloth),(((Alpaca,(Pig,(Cow,Dolphin))),((Horse,(Dog,Cat)),(Microbat,Megabat))),(Squirrel,(Bushbaby,(Tarsier,(Marmoset,(Macaque,(Orangutan,(Gorilla,(Chimp,Human))))))))))))))))));
14	100	8	5.694514989852905	((Tenrec,(Pika,((Rat,Mouse),(Shrew,((Elephant,Hyrax),(Hedgehog,(Bushbaby,(Alpaca,((Armadillo,Sloth),((Megabat,((Tarsier,(Squirrel,((Marmoset,(Macaque,(Orangutan,(Gorilla,(Chimp,Human))))),(Dog,Cat)))),(Horse,(Cow,(Dolphin,Pig))))),(Rabbit,Microbat))))))))))),(Platypus,Wallaby));
14	250	8	5.572203636169434	(((Rat,Mouse),(Pika,(Tenrec,(Shrew,(Hedgehog,((Elephant,Hyrax),((Armadillo,Sloth),(Tarsier,(Bushbaby,(Rabbit,(Microbat,((Alpaca,(Cow,(Dolphin,Pig))),(Squirrel,(Horse,((Marmoset,(Macaque,(Orangutan,(Gorilla,(Chimp,Human))))),(Megabat,(Dog,Cat))))))))))))))))),(Platypus,Wallaby));
14	500	8	6.14677619934082	(Platypus,(Wallaby,((Rat,Mouse),(Tenrec,(Pika,(Shrew,(Hedgehog,((Elephant,Hyrax),((Armadillo,Sloth),(Squirrel,(Rabbit,(Bushbaby,(Tarsier,(Microbat,((Alpaca,(Pig,(Cow,Dolphin))),((Marmoset,(Macaque,(Orangutan,(Gorilla,(Chimp,Human))))),((Dog,Cat),(Megabat,Horse))))))))))))))))));
14	750	8	5.870022296905518	(Platypus,(Wallaby,((Rat,Mouse),(Tenrec,(Pika,(Shrew,(Hedgehog,((Elephant,Hyrax),((Armadillo,Sloth),(Rabbit,(((Alpaca,(Cow,(Dolphin,Pig))),(Microbat,(Megabat,(Horse,(Dog,Cat))))),(Bushbaby,(Squirrel,(Tarsier,(Marmoset,(Macaque,(Orangutan,(Gorilla,(Chimp,Human)))))))))))))))))));
14	1000	8	5.837157964706421	(Platypus,(Wallaby,(Tenrec,((Rat,Mouse),(Pika,(Shrew,(Hedgehog,((Elephant,Hyrax),((Armadillo,Sloth),(Rabbit,(Bushbaby,(((Alpaca,(Pig,(Cow,Dolphin))),(Microbat,(Megabat,(Horse,(Dog,Cat))))),(Squirrel,(Tarsier,(Marmoset,(Macaque,(Orangutan,(Gorilla,(Chimp,Human)))))))))))))))))));
14	2500	8	5.9151270389556885	(Platypus,(Wallaby,((Rat,Mouse),(Tenrec,(Shrew,(Hedgehog,((Pika,Rabbit),((Elephant,Hyrax),((Armadillo,Sloth),(((Alpaca,(Pig,(Cow,Dolphin))),(Microbat,(Megabat,(Horse,(Dog,Cat))))),(Bushbaby,(Squirrel,(Tarsier,(Marmoset,(Macaque,(Orangutan,(Gorilla,(Chimp,Human))))))))))))))))));
14	5000	8	5.994970083236694	(Platypus,(Wallaby,((Rat,Mouse),(Tenrec,(Shrew,(Hedgehog,((Pika,Rabbit),((Elephant,Hyrax),((Armadillo,Sloth),(((Alpaca,(Pig,(Cow,Dolphin))),(Microbat,((Dog,Cat),(Megabat,Horse)))),(Squirrel,(Bushbaby,(Tarsier,(Marmoset,(Macaque,(Orangutan,(Gorilla,(Chimp,Human))))))))))))))))));
14	7500	8	5.9755778312683105	(Platypus,(Wallaby,((Rat,Mouse),(Tenrec,(Shrew,(Hedgehog,((Pika,Rabbit),((Elephant,Hyrax),((Armadillo,Sloth),(((Alpaca,(Pig,(Cow,Dolphin))),(Microbat,((Dog,Cat),(Megabat,Horse)))),(Squirrel,(Bushbaby,(Tarsier,(Marmoset,(Macaque,(Orangutan,(Gorilla,(Chimp,Human))))))))))))))))));
14	10000	8	6.151788711547852	(Platypus,(Wallaby,((Rat,Mouse),(Tenrec,(Shrew,(Hedgehog,((Pika,Rabbit),((Elephant,Hyrax),((Armadillo,Sloth),(((Alpaca,(Pig,(Cow,Dolphin))),(Microbat,((Dog,Cat),(Megabat,Horse)))),(Squirrel,(Bushbaby,(Tarsier,(Marmoset,(Macaque,(Orangutan,(Gorilla,(Chimp,Human))))))))))))))))));
14	25000	8	6.906895399093628	(Platypus,(Wallaby,((Rat,Mouse),(Tenrec,(Shrew,(Hedgehog,((Pika,Rabbit),((Elephant,Hyrax),((Armadillo,Sloth),(((Alpaca,(Pig,(Cow,Dolphin))),((Horse,(Dog,Cat)),(Microbat,Megabat))),(Squirrel,(Bushbaby,(Tarsier,(Marmoset,(Macaque,(Orangutan,(Gorilla,(Chimp,Human))))))))))))))))));
14	50000	8	8.009916543960571	(Platypus,(Wallaby,((Rat,Mouse),(Tenrec,(Shrew,(Hedgehog,((Pika,Rabbit),((Elephant,Hyrax),((Armadillo,Sloth),(((Alpaca,(Pig,(Cow,Dolphin))),(Microbat,((Dog,Cat),(Megabat,Horse)))),(Squirrel,(Bushbaby,(Tarsier,(Marmoset,(Macaque,(Orangutan,(Gorilla,(Chimp,Human))))))))))))))))));
14	75000	8	9.094049453735352	(Platypus,(Wallaby,((Rat,Mouse),(Tenrec,(Shrew,(Hedgehog,((Pika,Rabbit),((Elephant,Hyrax),((Armadillo,Sloth),(((Alpaca,(Pig,(Cow,Dolphin))),((Horse,(Dog,Cat)),(Microbat,Megabat))),(Squirrel,(Bushbaby,(Tarsier,(Marmoset,(Macaque,(Orangutan,(Gorilla,(Chimp,Human))))))))))))))))));
14	100000	8	10.209441423416138	(Platypus,(Wallaby,((Rat,Mouse),(Tenrec,(Shrew,(Hedgehog,((Pika,Rabbit),((Elephant,Hyrax),((Armadillo,Sloth),(((Alpaca,(Pig,(Cow,Dolphin))),(Microbat,((Dog,Cat),(Megabat,Horse)))),(Squirrel,(Bushbaby,(Tarsier,(Marmoset,(Macaque,(Orangutan,(Gorilla,(Chimp,Human))))))))))))))))));
15	100	8	5.757663249969482	(Platypus,(Wallaby,(Pika,((Rat,Mouse),(Shrew,(Tenrec,(Sloth,(Hedgehog,((Armadillo,Rabbit),((Elephant,Hyrax),((Megabat,((Cow,Dolphin),(((Tarsier,(Marmoset,(Macaque,(Orangutan,(Human,(Chimp,Gorilla)))))),((Dog,Cat),(Microbat,Horse))),(Squirrel,Bushbaby)))),(Alpaca,Pig))))))))))));
15	250	8	5.886004686355591	(Wallaby,(Platypus,((Rat,Mouse),(Tenrec,(Shrew,(Hedgehog,(((Elephant,Hyrax),((Armadillo,Sloth),(Alpaca,((Microbat,Megabat),((Squirrel,Bushbaby),(Tarsier,((Pig,(Cow,Dolphin)),((Dog,Cat),(Horse,(Marmoset,(Macaque,(Orangutan,(Human,(Chimp,Gorilla)))))))))))))),(Pika,Rabbit))))))));
15	500	8	5.645195007324219	(Platypus,(Wallaby,((Rat,Mouse),(Tenrec,(Shrew,(Hedgehog,((Pika,Rabbit),((Elephant,Hyrax),((Armadillo,Sloth),(Alpaca,((Microbat,Megabat),(Squirrel,(Bushbaby,((Pig,(Cow,Dolphin)),((Horse,(Dog,Cat)),(Tarsier,(Marmoset,(Macaque,(Orangutan,(Gorilla,(Chimp,Human)))))))))))))))))))));
15	750	8	5.717196941375732	(Platypus,(Wallaby,(Tenrec,((Rat,Mouse),(Shrew,(Hedgehog,((Pika,Rabbit),((Elephant,Hyrax),((Armadillo,Sloth),(Alpaca,((Microbat,Megabat),(Squirrel,((Bushbaby,(Tarsier,(Marmoset,(Macaque,(Orangutan,(Gorilla,(Chimp,Human))))))),((Pig,(Cow,Dolphin)),(Horse,(Dog,Cat))))))))))))))));
15	1000	8	5.82570743560791	(Platypus,(Wallaby,(Tenrec,((Rat,Mouse),(Shrew,(Hedgehog,((Pika,Rabbit),((Elephant,Hyrax),((Armadillo,Sloth),(Alpaca,(Squirrel,((Microbat,Megabat),((Bushbaby,(Tarsier,(Marmoset,(Macaque,(Orangutan,(Gorilla,(Chimp,Human))))))),((Pig,(Cow,Dolphin)),(Horse,(Dog,Cat))))))))))))))));
15	2500	8	5.980779647827148	(Platypus,(Wallaby,(Tenrec,((Rat,Mouse),(Hedgehog,(Shrew,((Pika,Rabbit),((Elephant,Hyrax),((Armadillo,Sloth),(((Alpaca,(Pig,(Cow,Dolphin))),(Microbat,(Megabat,(Horse,(Dog,Cat))))),(Squirrel,(Bushbaby,(Tarsier,(Marmoset,(Macaque,(Orangutan,(Gorilla,(Chimp,Human))))))))))))))))));
15	5000	8	6.071057319641113	(Platypus,(Wallaby,((Rat,Mouse),(Tenrec,(Shrew,(Hedgehog,((Pika,Rabbit),((Elephant,Hyrax),((Armadillo,Sloth),(((Alpaca,(Pig,(Cow,Dolphin))),((Horse,(Dog,Cat)),(Microbat,Megabat))),(Squirrel,(Bushbaby,(Tarsier,(Marmoset,(Macaque,(Orangutan,(Gorilla,(Chimp,Human))))))))))))))))));
15	7500	8	6.425051927566528	(Platypus,(Wallaby,((Rat,Mouse),(Tenrec,(Shrew,(Hedgehog,((Pika,Rabbit),((Elephant,Hyrax),((Armadillo,Sloth),(((Alpaca,(Pig,(Cow,Dolphin))),(Microbat,(Megabat,(Horse,(Dog,Cat))))),(Squirrel,(Bushbaby,(Tarsier,(Marmoset,(Macaque,(Orangutan,(Gorilla,(Chimp,Human))))))))))))))))));
15	10000	8	6.5843305587768555	(Platypus,(Wallaby,((Rat,Mouse),(Tenrec,(Shrew,(Hedgehog,((Pika,Rabbit),((Elephant,Hyrax),((Armadillo,Sloth),(((Alpaca,(Pig,(Cow,Dolphin))),((Horse,(Dog,Cat)),(Microbat,Megabat))),(Squirrel,(Bushbaby,(Tarsier,(Marmoset,(Macaque,(Orangutan,(Gorilla,(Chimp,Human))))))))))))))))));
15	25000	8	7.301233768463135	(Platypus,(Wallaby,((Rat,Mouse),(Tenrec,(Shrew,(Hedgehog,((Pika,Rabbit),((Elephant,Hyrax),((Armadillo,Sloth),(((Alpaca,(Pig,(Cow,Dolphin))),((Horse,(Dog,Cat)),(Microbat,Megabat))),(Squirrel,(Bushbaby,(Tarsier,(Marmoset,(Macaque,(Orangutan,(Gorilla,(Chimp,Human))))))))))))))))));
15	50000	8	8.212543725967407	(Platypus,(Wallaby,((Rat,Mouse),(Tenrec,(Shrew,(Hedgehog,((Pika,Rabbit),((Elephant,Hyrax),((Armadillo,Sloth),(((Alpaca,(Pig,(Cow,Dolphin))),((Horse,(Dog,Cat)),(Microbat,Megabat))),(Squirrel,(Bushbaby,(Tarsier,(Marmoset,(Macaque,(Orangutan,(Gorilla,(Chimp,Human))))))))))))))))));
15	75000	8	9.288581609725952	(Platypus,(Wallaby,((Rat,Mouse),(Tenrec,(Shrew,(Hedgehog,((Pika,Rabbit),((Elephant,Hyrax),((Armadillo,Sloth),(((Alpaca,(Pig,(Cow,Dolphin))),((Horse,(Dog,Cat)),(Microbat,Megabat))),(Squirrel,(Bushbaby,(Tarsier,(Marmoset,(Macaque,(Orangutan,(Gorilla,(Chimp,Human))))))))))))))))));
15	100000	8	10.439730644226074	(Platypus,(Wallaby,((Rat,Mouse),(Tenrec,(Shrew,(Hedgehog,((Pika,Rabbit),((Elephant,Hyrax),((Armadillo,Sloth),(((Alpaca,(Pig,(Cow,Dolphin))),((Horse,(Dog,Cat)),(Microbat,Megabat))),(Squirrel,(Bushbaby,(Tarsier,(Marmoset,(Macaque,(Orangutan,(Gorilla,(Chimp,Human))))))))))))))))));
16	100	8	6.005558013916016	(Platypus,(Wallaby,((Hyrax,Tenrec),((Rat,Mouse),((Pika,Rabbit),(Hedgehog,(Shrew,(Bushbaby,(Tarsier,(Microbat,((Elephant,(Armadillo,Sloth)),(Pig,((Megabat,((Horse,Alpaca),((Dog,Cat),(Cow,Dolphin)))),(Squirrel,(Marmoset,(Macaque,(Orangutan,(Chimp,(Human,Gorilla)))))))))))))))))));
16	250	8	6.051681041717529	(Platypus,(Wallaby,((Rat,Mouse),(Hedgehog,(Tenrec,(Shrew,((Pika,Rabbit),(Hyrax,(Tarsier,((Armadillo,Sloth),(Bushbaby,(Pig,(((Alpaca,(Cow,Dolphin)),(Megabat,(Horse,(Dog,Cat)))),(Microbat,(Elephant,(Squirrel,(Marmoset,(Macaque,(Orangutan,(Gorilla,(Chimp,Human)))))))))))))))))))));
16	500	8	6.178886651992798	(Platypus,(Wallaby,((Rat,Mouse),(Hedgehog,(Tenrec,(Shrew,(Hyrax,(((Armadillo,Sloth),(Tarsier,((Microbat,((Cow,Pig),(Alpaca,(Megabat,((Dog,Cat),(Horse,Dolphin)))))),(Bushbaby,(Elephant,(Squirrel,(Marmoset,(Macaque,(Orangutan,(Gorilla,(Chimp,Human))))))))))),(Pika,Rabbit)))))))));
16	750	8	6.345957040786743	(Platypus,(Wallaby,((Rat,Mouse),(Tenrec,(Shrew,(Hedgehog,(Hyrax,(((Armadillo,Sloth),(((Cow,(Alpaca,(Dolphin,Pig))),(Microbat,((Dog,Cat),(Megabat,Horse)))),(Bushbaby,(Tarsier,(Elephant,(Squirrel,(Marmoset,(Macaque,(Orangutan,(Chimp,(Human,Gorilla))))))))))),(Pika,Rabbit)))))))));
16	1000	8	6.055873394012451	(Platypus,(Wallaby,((Rat,Mouse),(Shrew,(Tenrec,(Hyrax,(Hedgehog,((Pika,Rabbit),((Armadillo,Sloth),(((Cow,(Alpaca,(Dolphin,Pig))),((Microbat,Megabat),(Horse,(Dog,Cat)))),(Bushbaby,(Tarsier,(Elephant,(Squirrel,(Marmoset,(Macaque,(Orangutan,(Gorilla,(Chimp,Human)))))))))))))))))));
16	2500	8	6.128817558288574	(Platypus,(Wallaby,((Rat,Mouse),(Tenrec,(Shrew,(Hedgehog,((Pika,Rabbit),((Elephant,Hyrax),((Armadillo,Sloth),(((Alpaca,(Cow,(Dolphin,Pig))),((Microbat,Megabat),(Horse,(Dog,Cat)))),(Bushbaby,(Squirrel,(Tarsier,(Marmoset,(Macaque,(Orangutan,(Gorilla,(Chimp,Human))))))))))))))))));
16	5000	8	6.117461681365967	(Platypus,(Wallaby,((Rat,Mouse),(Tenrec,(Shrew,(Hedgehog,((Pika,Rabbit),((Elephant,Hyrax),((Armadillo,Sloth),(((Alpaca,(Pig,(Cow,Dolphin))),((Microbat,Megabat),(Horse,(Dog,Cat)))),(Squirrel,(Bushbaby,(Tarsier,(Marmoset,(Macaque,(Orangutan,(Gorilla,(Chimp,Human))))))))))))))))));
16	7500	8	6.229473352432251	(Platypus,(Wallaby,((Rat,Mouse),(Tenrec,(Shrew,(Hedgehog,((Pika,Rabbit),((Elephant,Hyrax),((Armadillo,Sloth),(((Alpaca,(Pig,(Cow,Dolphin))),((Microbat,Megabat),(Horse,(Dog,Cat)))),(Squirrel,(Bushbaby,(Tarsier,(Marmoset,(Macaque,(Orangutan,(Gorilla,(Chimp,Human))))))))))))))))));
16	10000	8	6.604255199432373	(Platypus,(Wallaby,((Rat,Mouse),(Tenrec,(Shrew,(Hedgehog,((Pika,Rabbit),((Elephant,Hyrax),((Armadillo,Sloth),(((Alpaca,(Pig,(Cow,Dolphin))),((Microbat,Megabat),(Horse,(Dog,Cat)))),(Squirrel,(Bushbaby,(Tarsier,(Marmoset,(Macaque,(Orangutan,(Gorilla,(Chimp,Human))))))))))))))))));
16	25000	8	7.134962320327759	(Platypus,(Wallaby,((Rat,Mouse),(Tenrec,(Shrew,(Hedgehog,((Pika,Rabbit),((Elephant,Hyrax),((Armadillo,Sloth),(((Alpaca,(Pig,(Cow,Dolphin))),(Microbat,((Dog,Cat),(Megabat,Horse)))),(Squirrel,(Bushbaby,(Tarsier,(Marmoset,(Macaque,(Orangutan,(Gorilla,(Chimp,Human))))))))))))))))));
16	50000	8	7.991306781768799	(Platypus,(Wallaby,((Rat,Mouse),(Tenrec,(Shrew,(Hedgehog,((Pika,Rabbit),((Elephant,Hyrax),((Armadillo,Sloth),(((Alpaca,(Pig,(Cow,Dolphin))),((Microbat,Megabat),(Horse,(Dog,Cat)))),(Squirrel,(Bushbaby,(Tarsier,(Marmoset,(Macaque,(Orangutan,(Gorilla,(Chimp,Human))))))))))))))))));
16	75000	8	9.308436870574951	(Platypus,(Wallaby,((Rat,Mouse),(Tenrec,(Shrew,(Hedgehog,((Pika,Rabbit),((Elephant,Hyrax),((Armadillo,Sloth),(((Alpaca,(Pig,(Cow,Dolphin))),((Microbat,Megabat),(Horse,(Dog,Cat)))),(Squirrel,(Bushbaby,(Tarsier,(Marmoset,(Macaque,(Orangutan,(Gorilla,(Chimp,Human))))))))))))))))));
16	100000	8	10.566111087799072	(Platypus,(Wallaby,((Rat,Mouse),(Tenrec,(Shrew,(Hedgehog,((Pika,Rabbit),((Elephant,Hyrax),((Armadillo,Sloth),(((Alpaca,(Pig,(Cow,Dolphin))),((Microbat,Megabat),(Horse,(Dog,Cat)))),(Squirrel,(Bushbaby,(Tarsier,(Marmoset,(Macaque,(Orangutan,(Gorilla,(Chimp,Human))))))))))))))))));
17	100	8	6.062011957168579	(((Rat,Mouse),(Hedgehog,(Shrew,(((Armadillo,Sloth),((Elephant,Hyrax),(Tarsier,(Cow,((Pig,(Alpaca,Dolphin)),((Squirrel,(Bushbaby,(Marmoset,(Macaque,(Orangutan,(Human,(Chimp,Gorilla))))))),(Megabat,(Horse,(Microbat,(Dog,Cat)))))))))),(Tenrec,(Pika,Rabbit)))))),(Platypus,Wallaby));
17	250	8	6.412073373794556	((Hedgehog,((Rat,Mouse),(Tenrec,(Shrew,((Pika,Rabbit),((Elephant,Hyrax),((Armadillo,Sloth),(Squirrel,((Cow,(Alpaca,(Dolphin,Pig))),((Microbat,Megabat),(Tarsier,((Horse,(Dog,Cat)),(Bushbaby,(Marmoset,(Macaque,(Orangutan,(Gorilla,(Chimp,Human)))))))))))))))))),(Platypus,Wallaby));
17	500	8	6.072494745254517	(Platypus,(Wallaby,((Rat,Mouse),(Hedgehog,(Shrew,(Tenrec,((Pika,Rabbit),((Elephant,Hyrax),((Armadillo,Sloth),(Squirrel,((Bushbaby,(Tarsier,(Marmoset,(Macaque,(Orangutan,(Gorilla,(Chimp,Human))))))),((Microbat,Megabat),((Horse,(Dog,Cat)),(Cow,(Alpaca,(Dolphin,Pig))))))))))))))));
17	750	8	6.368075132369995	(Platypus,(Wallaby,((Rat,Mouse),(Shrew,(Hedgehog,(Tenrec,((Pika,Rabbit),(Squirrel,((Elephant,Hyrax),((Armadillo,Sloth),((Bushbaby,(Tarsier,(Marmoset,(Macaque,(Orangutan,(Gorilla,(Chimp,Human))))))),((Cow,(Alpaca,(Dolphin,Pig))),((Horse,(Dog,Cat)),(Microbat,Megabat))))))))))))));
17	1000	8	6.026697635650635	(Platypus,(Wallaby,((Rat,Mouse),(Shrew,(Tenrec,(Hedgehog,((Pika,Rabbit),((Elephant,Hyrax),((Armadillo,Sloth),(Squirrel,(((Cow,(Alpaca,(Dolphin,Pig))),((Horse,(Dog,Cat)),(Microbat,Megabat))),(Bushbaby,(Tarsier,(Marmoset,(Macaque,(Orangutan,(Gorilla,(Chimp,Human))))))))))))))))));
17	2500	8	6.350623607635498	(Platypus,(Wallaby,((Rat,Mouse),(Tenrec,(Shrew,(Hedgehog,((Pika,Rabbit),((Elephant,Hyrax),((Armadillo,Sloth),(Squirrel,((Bushbaby,(Tarsier,(Marmoset,(Macaque,(Orangutan,(Gorilla,(Chimp,Human))))))),((Alpaca,(Cow,(Dolphin,Pig))),((Microbat,Megabat),(Horse,(Dog,Cat)))))))))))))));
17	5000	8	6.556989431381226	(Platypus,(Wallaby,((Rat,Mouse),(Tenrec,(Shrew,(Hedgehog,((Pika,Rabbit),((Elephant,Hyrax),((Armadillo,Sloth),(((Alpaca,(Pig,(Cow,Dolphin))),(Microbat,((Dog,Cat),(Megabat,Horse)))),(Squirrel,(Bushbaby,(Tarsier,(Marmoset,(Macaque,(Orangutan,(Gorilla,(Chimp,Human))))))))))))))))));
17	7500	8	6.578296899795532	(Platypus,(Wallaby,((Rat,Mouse),(Tenrec,(Shrew,(Hedgehog,((Pika,Rabbit),((Elephant,Hyrax),((Armadillo,Sloth),(((Alpaca,(Pig,(Cow,Dolphin))),(Microbat,((Dog,Cat),(Megabat,Horse)))),(Squirrel,(Bushbaby,(Tarsier,(Marmoset,(Macaque,(Orangutan,(Gorilla,(Chimp,Human))))))))))))))))));
17	10000	8	6.382982492446899	(Platypus,(Wallaby,((Rat,Mouse),(Tenrec,(Shrew,(Hedgehog,((Pika,Rabbit),((Elephant,Hyrax),((Armadillo,Sloth),(((Alpaca,(Pig,(Cow,Dolphin))),(Microbat,((Dog,Cat),(Megabat,Horse)))),(Squirrel,(Bushbaby,(Tarsier,(Marmoset,(Macaque,(Orangutan,(Gorilla,(Chimp,Human))))))))))))))))));
17	25000	8	7.139804840087891	(Platypus,(Wallaby,((Rat,Mouse),(Tenrec,(Shrew,(Hedgehog,((Pika,Rabbit),((Elephant,Hyrax),((Armadillo,Sloth),(((Alpaca,(Pig,(Cow,Dolphin))),((Horse,(Dog,Cat)),(Microbat,Megabat))),(Squirrel,(Bushbaby,(Tarsier,(Marmoset,(Macaque,(Orangutan,(Gorilla,(Chimp,Human))))))))))))))))));
17	50000	8	8.178988695144653	(Platypus,(Wallaby,((Rat,Mouse),(Tenrec,(Shrew,(Hedgehog,((Pika,Rabbit),((Elephant,Hyrax),((Armadillo,Sloth),(((Alpaca,(Pig,(Cow,Dolphin))),(Microbat,((Dog,Cat),(Megabat,Horse)))),(Squirrel,(Bushbaby,(Tarsier,(Marmoset,(Macaque,(Orangutan,(Gorilla,(Chimp,Human))))))))))))))))));
17	75000	8	9.307993173599243	(Platypus,(Wallaby,((Rat,Mouse),(Tenrec,(Shrew,(Hedgehog,((Pika,Rabbit),((Elephant,Hyrax),((Armadillo,Sloth),(((Alpaca,(Pig,(Cow,Dolphin))),((Microbat,Megabat),(Horse,(Dog,Cat)))),(Squirrel,(Bushbaby,(Tarsier,(Marmoset,(Macaque,(Orangutan,(Gorilla,(Chimp,Human))))))))))))))))));
17	100000	8	10.731015920639038	(Platypus,(Wallaby,((Rat,Mouse),(Tenrec,(Shrew,(Hedgehog,((Pika,Rabbit),((Elephant,Hyrax),((Armadillo,Sloth),(((Alpaca,(Pig,(Cow,Dolphin))),((Microbat,Megabat),(Horse,(Dog,Cat)))),(Squirrel,(Bushbaby,(Tarsier,(Marmoset,(Macaque,(Orangutan,(Gorilla,(Chimp,Human))))))))))))))))));
18	100	8	6.301364898681641	(((Hedgehog,Shrew),((Pika,Rabbit),(Tenrec,((Rat,Mouse),((Elephant,Hyrax),(Microbat,(Squirrel,((Armadillo,Sloth),((Dog,Cat),(Bushbaby,((Tarsier,(Marmoset,(Macaque,(Orangutan,(Chimp,(Human,Gorilla)))))),((Alpaca,Pig),(Megabat,(Horse,(Cow,Dolphin))))))))))))))),(Platypus,Wallaby));
18	250	8	6.351274251937866	(((Rat,Mouse),(Tenrec,((Pika,Rabbit),(Shrew,(Hedgehog,((Elephant,Hyrax),(Squirrel,((Armadillo,Sloth),((Bushbaby,(Tarsier,(Marmoset,(Macaque,(Orangutan,(Human,(Chimp,Gorilla))))))),(Microbat,(Horse,(Megabat,((Dog,Cat),(Alpaca,(Pig,(Cow,Dolphin)))))))))))))))),(Platypus,Wallaby));
18	500	8	6.6035990715026855	(Platypus,(Wallaby,((Rat,Mouse),(Tenrec,((Pika,Rabbit),(Shrew,(Hedgehog,((Elephant,Hyrax),((Armadillo,Sloth),((((Alpaca,(Pig,(Cow,Dolphin))),(Horse,(Dog,Cat))),(Microbat,Megabat)),(Squirrel,(Bushbaby,(Tarsier,(Marmoset,(Macaque,(Orangutan,(Gorilla,(Chimp,Human))))))))))))))))));
18	750	8	5.991261959075928	(Platypus,(Wallaby,((Rat,Mouse),(Tenrec,(Shrew,((Pika,Rabbit),(Hedgehog,((Elephant,Hyrax),((Armadillo,Sloth),((Microbat,(((Cow,Dolphin),(Alpaca,Pig)),(Megabat,(Horse,(Dog,Cat))))),(Squirrel,(Bushbaby,(Tarsier,(Marmoset,(Macaque,(Orangutan,(Gorilla,(Chimp,Human))))))))))))))))));
18	1000	8	6.163302898406982	(Platypus,(Wallaby,((Rat,Mouse),(Tenrec,(Shrew,((Pika,Rabbit),(Hedgehog,((Elephant,Hyrax),((Armadillo,Sloth),((Squirrel,(Bushbaby,(Tarsier,(Marmoset,(Macaque,(Orangutan,(Gorilla,(Chimp,Human)))))))),(Microbat,(((Cow,Dolphin),(Alpaca,Pig)),(Megabat,(Horse,(Dog,Cat)))))))))))))));
18	2500	8	6.016023397445679	(Platypus,(Wallaby,((Rat,Mouse),(Tenrec,(Shrew,(Hedgehog,((Pika,Rabbit),((Elephant,Hyrax),((Armadillo,Sloth),(((Alpaca,(Pig,(Cow,Dolphin))),((Horse,(Dog,Cat)),(Microbat,Megabat))),(Squirrel,(Bushbaby,(Tarsier,(Marmoset,(Macaque,(Orangutan,(Gorilla,(Chimp,Human))))))))))))))))));
18	5000	8	6.429781436920166	(Platypus,(Wallaby,((Rat,Mouse),(Tenrec,(Shrew,(Hedgehog,((Pika,Rabbit),((Elephant,Hyrax),((Armadillo,Sloth),(((Alpaca,(Cow,(Dolphin,Pig))),((Microbat,Megabat),(Horse,(Dog,Cat)))),(Squirrel,(Bushbaby,(Tarsier,(Marmoset,(Macaque,(Orangutan,(Gorilla,(Chimp,Human))))))))))))))))));
18	7500	8	6.635849714279175	(Platypus,(Wallaby,((Rat,Mouse),(Tenrec,(Shrew,(Hedgehog,((Pika,Rabbit),((Elephant,Hyrax),((Armadillo,Sloth),(((Alpaca,(Pig,(Cow,Dolphin))),((Microbat,Megabat),(Horse,(Dog,Cat)))),(Squirrel,(Bushbaby,(Tarsier,(Marmoset,(Macaque,(Orangutan,(Gorilla,(Chimp,Human))))))))))))))))));
18	10000	8	6.567975997924805	(Platypus,(Wallaby,((Rat,Mouse),(Tenrec,(Shrew,(Hedgehog,((Pika,Rabbit),((Elephant,Hyrax),((Armadillo,Sloth),(((Alpaca,(Pig,(Cow,Dolphin))),((Microbat,Megabat),(Horse,(Dog,Cat)))),(Squirrel,(Bushbaby,(Tarsier,(Marmoset,(Macaque,(Orangutan,(Gorilla,(Chimp,Human))))))))))))))))));
18	25000	8	7.579322576522827	(Platypus,(Wallaby,((Rat,Mouse),(Tenrec,(Shrew,(Hedgehog,((Pika,Rabbit),((Elephant,Hyrax),((Armadillo,Sloth),(((Alpaca,(Pig,(Cow,Dolphin))),((Horse,(Dog,Cat)),(Microbat,Megabat))),(Squirrel,(Bushbaby,(Tarsier,(Marmoset,(Macaque,(Orangutan,(Gorilla,(Chimp,Human))))))))))))))))));
18	50000	8	8.726238489151001	(Platypus,(Wallaby,((Rat,Mouse),(Tenrec,(Shrew,(Hedgehog,((Pika,Rabbit),((Elephant,Hyrax),((Armadillo,Sloth),(((Alpaca,(Pig,(Cow,Dolphin))),((Horse,(Dog,Cat)),(Microbat,Megabat))),(Squirrel,(Bushbaby,(Tarsier,(Marmoset,(Macaque,(Orangutan,(Gorilla,(Chimp,Human))))))))))))))))));
18	75000	8	10.093897104263306	(Platypus,(Wallaby,((Rat,Mouse),(Tenrec,(Shrew,(Hedgehog,((Pika,Rabbit),((Elephant,Hyrax),((Armadillo,Sloth),(((Alpaca,(Pig,(Cow,Dolphin))),((Horse,(Dog,Cat)),(Microbat,Megabat))),(Squirrel,(Bushbaby,(Tarsier,(Marmoset,(Macaque,(Orangutan,(Gorilla,(Chimp,Human))))))))))))))))));
18	100000	8	10.425493717193604	(Platypus,(Wallaby,((Rat,Mouse),(Tenrec,(Shrew,(Hedgehog,((Pika,Rabbit),((Elephant,Hyrax),((Armadillo,Sloth),(((Alpaca,(Pig,(Cow,Dolphin))),((Horse,(Dog,Cat)),(Microbat,Megabat))),(Squirrel,(Bushbaby,(Tarsier,(Marmoset,(Macaque,(Orangutan,(Gorilla,(Chimp,Human))))))))))))))))));
19	100	8	6.078003644943237	((Platypus,Wallaby),(Tenrec,((Rat,Mouse),(((Pika,Rabbit),(Tarsier,(((Dog,Cat),(Cow,(Alpaca,((Dolphin,Pig),(Megabat,Horse))))),((Elephant,Hyrax),(((Microbat,(Marmoset,(Macaque,(Orangutan,(Human,(Chimp,Gorilla)))))),(Squirrel,Bushbaby)),(Armadillo,Sloth)))))),(Hedgehog,Shrew)))));
19	250	8	6.076469898223877	(Wallaby,(Platypus,((Rat,Mouse),(Tenrec,(Hyrax,(Shrew,(Hedgehog,((Pika,Rabbit),((Armadillo,Sloth),(Tarsier,((Squirrel,(Elephant,(Bushbaby,(Marmoset,(Macaque,(Orangutan,(Gorilla,(Chimp,Human)))))))),(Cow,((Dog,Cat),(Microbat,((Dolphin,Pig),(Horse,(Megabat,Alpaca)))))))))))))))));
19	500	8	6.023411512374878	(((Rat,Mouse),(Tenrec,(Hedgehog,(Shrew,((Pika,Rabbit),(Hyrax,((Armadillo,Sloth),((Microbat,(((Dog,Cat),(Megabat,Horse)),(Alpaca,(Cow,(Dolphin,Pig))))),(Tarsier,(Squirrel,(Bushbaby,(Elephant,(Marmoset,(Macaque,(Orangutan,(Gorilla,(Chimp,Human))))))))))))))))),(Platypus,Wallaby));
19	750	8	6.087211847305298	(((Rat,Mouse),(Tenrec,(Hedgehog,(Shrew,((Pika,Rabbit),((Elephant,Hyrax),((Armadillo,Sloth),(((Alpaca,(Cow,(Dolphin,Pig))),(Microbat,((Dog,Cat),(Megabat,Horse)))),(Squirrel,(Bushbaby,(Tarsier,(Marmoset,(Macaque,(Orangutan,(Gorilla,(Chimp,Human)))))))))))))))),(Platypus,Wallaby));
19	1000	8	6.030705451965332	(((Rat,Mouse),(Tenrec,(Hedgehog,(Shrew,((Pika,Rabbit),((Elephant,Hyrax),((Armadillo,Sloth),((Microbat,(((Dog,Cat),(Megabat,Horse)),(Alpaca,(Cow,(Dolphin,Pig))))),(Squirrel,(Bushbaby,(Tarsier,(Marmoset,(Macaque,(Orangutan,(Gorilla,(Chimp,Human)))))))))))))))),(Platypus,Wallaby));
19	2500	8	6.091305732727051	(((Rat,Mouse),(Tenrec,(Hedgehog,(Shrew,((Pika,Rabbit),((Elephant,Hyrax),((Armadillo,Sloth),(((Alpaca,(Cow,(Dolphin,Pig))),((Horse,(Dog,Cat)),(Microbat,Megabat))),(Squirrel,(Bushbaby,(Tarsier,(Marmoset,(Macaque,(Orangutan,(Gorilla,(Chimp,Human)))))))))))))))),(Platypus,Wallaby));
19	5000	8	6.570601940155029	(Platypus,(Wallaby,((Rat,Mouse),(Tenrec,(Hedgehog,(Shrew,((Pika,Rabbit),((Elephant,Hyrax),((Armadillo,Sloth),(((Alpaca,(Pig,(Cow,Dolphin))),((Horse,(Dog,Cat)),(Microbat,Megabat))),(Squirrel,(Bushbaby,(Tarsier,(Marmoset,(Macaque,(Orangutan,(Gorilla,(Chimp,Human))))))))))))))))));
19	7500	8	6.462588310241699	(Platypus,(Wallaby,((Rat,Mouse),(Tenrec,(Hedgehog,(Shrew,((Pika,Rabbit),((Elephant,Hyrax),((Armadillo,Sloth),(((Alpaca,(Pig,(Cow,Dolphin))),((Horse,(Dog,Cat)),(Microbat,Megabat))),(Squirrel,(Bushbaby,(Tarsier,(Marmoset,(Macaque,(Orangutan,(Gorilla,(Chimp,Human))))))))))))))))));
19	10000	8	6.413768291473389	(Platypus,(Wallaby,((Rat,Mouse),(Tenrec,(Hedgehog,(Shrew,((Pika,Rabbit),((Elephant,Hyrax),((Armadillo,Sloth),(((Alpaca,(Pig,(Cow,Dolphin))),((Horse,(Dog,Cat)),(Microbat,Megabat))),(Squirrel,(Bushbaby,(Tarsier,(Marmoset,(Macaque,(Orangutan,(Gorilla,(Chimp,Human))))))))))))))))));
19	25000	8	7.130149841308594	(Platypus,(Wallaby,((Rat,Mouse),(Tenrec,(Shrew,(Hedgehog,((Pika,Rabbit),((Elephant,Hyrax),((Armadillo,Sloth),(((Alpaca,(Pig,(Cow,Dolphin))),((Horse,(Dog,Cat)),(Microbat,Megabat))),(Squirrel,(Bushbaby,(Tarsier,(Marmoset,(Macaque,(Orangutan,(Gorilla,(Chimp,Human))))))))))))))))));
19	50000	8	8.376095533370972	(Platypus,(Wallaby,((Rat,Mouse),(Tenrec,(Shrew,(Hedgehog,((Pika,Rabbit),((Elephant,Hyrax),((Armadillo,Sloth),(((Alpaca,(Pig,(Cow,Dolphin))),((Horse,(Dog,Cat)),(Microbat,Megabat))),(Squirrel,(Bushbaby,(Tarsier,(Marmoset,(Macaque,(Orangutan,(Gorilla,(Chimp,Human))))))))))))))))));
19	75000	8	9.2004873752594	(Platypus,(Wallaby,((Rat,Mouse),(Tenrec,(Shrew,(Hedgehog,((Pika,Rabbit),((Elephant,Hyrax),((Armadillo,Sloth),(((Alpaca,(Pig,(Cow,Dolphin))),((Horse,(Dog,Cat)),(Microbat,Megabat))),(Squirrel,(Bushbaby,(Tarsier,(Marmoset,(Macaque,(Orangutan,(Gorilla,(Chimp,Human))))))))))))))))));
19	100000	8	10.351072311401367	(Platypus,(Wallaby,((Rat,Mouse),(Tenrec,(Shrew,(Hedgehog,((Pika,Rabbit),((Elephant,Hyrax),((Armadillo,Sloth),(((Alpaca,(Pig,(Cow,Dolphin))),(Microbat,((Dog,Cat),(Megabat,Horse)))),(Squirrel,(Bushbaby,(Tarsier,(Marmoset,(Macaque,(Orangutan,(Gorilla,(Chimp,Human))))))))))))))))));
20	100	8	5.993757247924805	(Platypus,(Pika,(Tenrec,(Wallaby,((Rat,Mouse),(Shrew,((Hyrax,Hedgehog),(Rabbit,(Sloth,(((Microbat,Megabat),(Alpaca,(Pig,(Cow,Dolphin)))),(Squirrel,(Armadillo,(Tarsier,(Bushbaby,((Dog,Cat),(Elephant,(Horse,(Marmoset,(Macaque,(Orangutan,(Gorilla,(Chimp,Human))))))))))))))))))))));
20	250	8	6.474243879318237	(Platypus,(Wallaby,((Rat,Mouse),(Tenrec,(Hyrax,(Shrew,(Pika,(Hedgehog,(Rabbit,(Bushbaby,((Armadillo,Sloth),(((Squirrel,(Tarsier,(Marmoset,(Macaque,(Orangutan,(Gorilla,(Chimp,Human))))))),(Elephant,(Horse,(Dog,Cat)))),((Microbat,Megabat),(Alpaca,(Pig,(Cow,Dolphin))))))))))))))));
20	500	8	6.175894737243652	(Platypus,(Wallaby,((Rat,Mouse),(Tenrec,(Pika,(Hyrax,(Shrew,(Hedgehog,(Rabbit,((Armadillo,Sloth),(Bushbaby,((Alpaca,(Pig,(Cow,Dolphin))),(Elephant,(Tarsier,(((Microbat,Megabat),(Horse,(Dog,Cat))),(Squirrel,(Marmoset,(Macaque,(Orangutan,(Gorilla,(Chimp,Human)))))))))))))))))))));
20	750	8	6.374695301055908	(Platypus,(Wallaby,((Rat,Mouse),(Tenrec,((Pika,Rabbit),(Hedgehog,(Shrew,((Elephant,Hyrax),((Armadillo,Sloth),(Bushbaby,(Squirrel,((Alpaca,(Pig,(Cow,Dolphin))),(Tarsier,((Microbat,Megabat),((Marmoset,(Macaque,(Orangutan,(Gorilla,(Chimp,Human))))),(Horse,(Dog,Cat)))))))))))))))));
20	1000	8	6.0022101402282715	(Platypus,(Wallaby,((Rat,Mouse),(Tenrec,(Pika,(Hedgehog,(Shrew,(Rabbit,((Elephant,Hyrax),((Armadillo,Sloth),(Bushbaby,(Squirrel,((Alpaca,(Cow,(Dolphin,Pig))),(Tarsier,((Microbat,Megabat),((Marmoset,(Macaque,(Orangutan,(Gorilla,(Chimp,Human))))),(Horse,(Dog,Cat))))))))))))))))));
20	2500	8	6.186676740646362	(Platypus,(Wallaby,((Rat,Mouse),(Tenrec,(Shrew,(Hedgehog,((Pika,Rabbit),((Elephant,Hyrax),((Armadillo,Sloth),(((Alpaca,(Pig,(Cow,Dolphin))),((Microbat,Megabat),(Horse,(Dog,Cat)))),(Squirrel,(Bushbaby,(Tarsier,(Marmoset,(Macaque,(Orangutan,(Gorilla,(Chimp,Human))))))))))))))))));
20	5000	8	6.276140213012695	(Platypus,(Wallaby,((Rat,Mouse),(Tenrec,(Shrew,(Hedgehog,((Pika,Rabbit),((Elephant,Hyrax),((Armadillo,Sloth),(((Alpaca,(Pig,(Cow,Dolphin))),((Microbat,Megabat),(Horse,(Dog,Cat)))),(Squirrel,(Bushbaby,(Tarsier,(Marmoset,(Macaque,(Orangutan,(Gorilla,(Chimp,Human))))))))))))))))));
20	7500	8	6.559884071350098	(Platypus,(Wallaby,((Rat,Mouse),(Tenrec,(Shrew,(Hedgehog,((Pika,Rabbit),((Elephant,Hyrax),((Armadillo,Sloth),(((Alpaca,(Pig,(Cow,Dolphin))),((Microbat,Megabat),(Horse,(Dog,Cat)))),(Squirrel,(Bushbaby,(Tarsier,(Marmoset,(Macaque,(Orangutan,(Gorilla,(Chimp,Human))))))))))))))))));
20	10000	8	6.482743263244629	(Platypus,(Wallaby,((Rat,Mouse),(Tenrec,(Shrew,(Hedgehog,((Pika,Rabbit),((Elephant,Hyrax),((Armadillo,Sloth),(((Alpaca,(Pig,(Cow,Dolphin))),((Microbat,Megabat),(Horse,(Dog,Cat)))),(Squirrel,(Bushbaby,(Tarsier,(Marmoset,(Macaque,(Orangutan,(Gorilla,(Chimp,Human))))))))))))))))));
20	25000	8	7.13831353187561	(Platypus,(Wallaby,((Rat,Mouse),(Tenrec,(Shrew,(Hedgehog,((Pika,Rabbit),((Elephant,Hyrax),((Armadillo,Sloth),(((Alpaca,(Pig,(Cow,Dolphin))),((Microbat,Megabat),(Horse,(Dog,Cat)))),(Squirrel,(Bushbaby,(Tarsier,(Marmoset,(Macaque,(Orangutan,(Gorilla,(Chimp,Human))))))))))))))))));
20	50000	8	8.527838230133057	(Platypus,(Wallaby,((Rat,Mouse),(Tenrec,(Shrew,(Hedgehog,((Pika,Rabbit),((Elephant,Hyrax),((Armadillo,Sloth),(((Alpaca,(Pig,(Cow,Dolphin))),((Microbat,Megabat),(Horse,(Dog,Cat)))),(Squirrel,(Bushbaby,(Tarsier,(Marmoset,(Macaque,(Orangutan,(Gorilla,(Chimp,Human))))))))))))))))));
20	75000	8	9.417563676834106	(Platypus,(Wallaby,((Rat,Mouse),(Tenrec,(Shrew,(Hedgehog,((Pika,Rabbit),((Elephant,Hyrax),((Armadillo,Sloth),(((Alpaca,(Pig,(Cow,Dolphin))),(Microbat,((Dog,Cat),(Megabat,Horse)))),(Squirrel,(Bushbaby,(Tarsier,(Marmoset,(Macaque,(Orangutan,(Gorilla,(Chimp,Human))))))))))))))))));
20	100000	8	10.283652305603027	(Platypus,(Wallaby,((Rat,Mouse),(Tenrec,(Shrew,(Hedgehog,((Pika,Rabbit),((Elephant,Hyrax),((Armadillo,Sloth),(((Alpaca,(Pig,(Cow,Dolphin))),(Microbat,((Dog,Cat),(Megabat,Horse)))),(Squirrel,(Bushbaby,(Tarsier,(Marmoset,(Macaque,(Orangutan,(Gorilla,(Chimp,Human))))))))))))))))));
